Radius_mm,TwoTheta_deg,Intensity_Raw,Intensity_Normalized_Percent
0.0,0.0,241.0,100.0
0.04155271610425943,0.011903976129115593,240.5,99.79253112033194
0.08310543220851886,0.02380795123054425,240.3125,99.71473029045643
0.1246581483127783,0.035711924276599576,239.85,99.52282157676349
0.16621086441703772,0.04761589423959622,240.16666666666666,99.65421853388659
0.20776358052129715,0.059519860091850445,240.325,99.71991701244812
0.2493162966255566,0.07142382080568066,239.86111111111111,99.52743199631166
0.290869012729816,0.08332777535340788,240.85416666666666,99.93948824343015
0.33242172883407545,0.09523172270735637,239.44642857142858,99.35536455245999
0.37397444493833487,0.1071356618398541,238.17857142857142,98.82928275044456
0.4155271610425943,0.11903959172323328,238.9264705882353,99.13961435196485
0.4570798771468537,0.13094351132983098,238.5625,98.98858921161826
0.4986325932511132,0.1428474196319895,239.1875,99.24792531120332
0.5401853093553726,0.15475131560205702,239.32608695652175,99.30543027241566
0.581738025459632,0.16665519821238817,237.6590909090909,98.61373066767257
0.6232907415638914,0.17855906643534442,238.15625,98.82002074688798
0.6648434576681509,0.19046291924329478,239.09375,99.20902489626556
0.7063961737724104,0.20236675560861614,238.3448275862069,98.89826870796966
0.7479488898766697,0.214270574503694,238.475,98.95228215767634
0.7895016059809292,0.22617437490092282,238.35833333333332,98.90387275242047
0.8310543220851886,0.23807815577270672,237.8790322580645,98.70499263820103
0.8726070381894481,0.24998191609145992,238.61805555555554,99.01164130935915
0.9141597542937074,0.2618856548296073,238.58823529411765,98.99926775689529
0.9557124703979669,0.2737893709595848,239.15,99.23236514522821
0.9972651865022264,0.2856930634538402,236.27631578947367,98.03996505787289
1.0388179026064859,0.29759673128483344,233.23214285714286,96.77682276229994
1.0803706187107451,0.3095003734250373,236.35227272727272,98.07148245944927
1.1219233348150046,0.3214039888469379,237.4878048780488,98.54265762574639
1.163476050919264,0.33330757652303505,238.22619047619048,98.84904169136534
1.2050287670235236,0.3452111354258431,236.75,98.23651452282157
1.2465814831277828,0.35711466452789115,236.58510638297872,98.16809393484594
1.2881341992320423,0.3690181628017239,236.90384615384616,98.30035110118098
1.3296869153363018,0.3809216292199018,237.45,98.52697095435684
1.3712396314405613,0.392825062755002,237.51442307692307,98.55370252154484
1.4127923475448207,0.4047284623796186,236.56140350877192,98.15825871733274
1.45434506364908,0.41663182706636326,236.1778846153846,97.99912224704755
1.4958977797533395,0.42853515578786566,237.35775862068965,98.48869652310775
1.537450495857599,0.44043844751677436,237.8815789473684,98.70604935575453
1.5790032119618584,0.4523417012257568,238.35546875,98.9026841286307
1.6205559280661177,0.4642449158875001,238.69354838709677,99.0429661357248
1.6621086441703772,0.476148090474712,238.73305084745763,99.05935719811521
1.7036613602746367,0.4880512239601204,238.1764705882353,98.82841103246278
1.7452140763788961,0.49995431531647516,238.20075757575756,98.83848862064629
1.7867667924831556,0.5118573635165472,237.67013888888889,98.61831489165513
1.8283195085874149,0.5237603675331306,237.94202898550725,98.73113235913164
1.8698722246916744,0.5356633263390415,237.91176470588235,98.71857456675616
1.9114249407959338,0.5475662389071201,238.44256756756758,98.93882471683301
1.9529776569001933,0.5594691042102302,238.04794520547946,98.77508099812425
1.9945303730044528,0.5713719212212602,237.875,98.70331950207469
2.036083089108712,0.5832746889131235,237.9671052631579,98.74153745359249
2.0776358052129718,0.5951774062587593,237.60416666666666,98.59094052558783
2.119188521317231,0.6070800722311319,237.38888888888889,98.50161364684186
2.1607412374214903,0.6189826858032336,237.39423076923077,98.50383019470156
2.20229395352575,0.6308852459480829,237.30232558139534,98.46569526198977
2.2438466696300092,0.642787751638726,237.12962962962962,98.39403719071768
2.2853993857342685,0.6546902018482378,236.4255319148936,98.10188046261146
2.326952101838528,0.6665925955497214,235.92441860465115,97.89394962848596
2.3685048179427874,0.6784949317163096,234.5611111111111,97.32826187183034
2.410057534047047,0.6903972093211644,235.65384615384616,97.78167890201087
2.4516102501513064,0.702299427337479,236.9266304347826,98.30980515966083
2.4931629662555657,0.7142015847384763,236.8137755102041,98.26297739012618
2.5347156823598254,0.726103680497412,236.7422680412371,98.23330624117722
2.5762683984640846,0.7380057135875723,235.18112244897958,97.58552798712844
2.6178211145683443,0.7499076829822768,236.0175,97.9325726141079
2.6593738306726036,0.7618095876548777,236.19329896907217,98.00551824442829
2.700926546776863,0.7737114265787607,236.17361111111111,97.9973490087598
2.7424792628811225,0.7856131987273458,236.165,97.99377593360995
2.784031978985382,0.7975149030740872,236.11556603773585,97.97326391607297
2.8255846950896415,0.8094165385924746,235.59513274336283,97.75731649102191
2.8671374111939008,0.8213181042560329,234.68028846153845,97.37771305458027
2.90869012729816,0.8332195990383233,236.16741071428572,97.99477622999407
2.9502428434024197,0.8451210219129442,236.42990654205607,98.10369566060419
2.991795559506679,0.8570223718535304,236.225,98.01867219917013
3.0333482756109387,0.868923647833755,235.8168103448276,97.84929889826871
3.074900991715198,0.8808248488273291,235.64870689655172,97.77954643010445
3.116453707819457,0.8927259738080029,235.33193277310923,97.64810488510757
3.158006423923717,0.9046270217495659,235.62708333333333,97.77057399723374
3.199559140027976,0.9165279916258472,235.1008064516129,97.55220184714229
3.2411118561322354,0.9284288824107162,235.21428571428572,97.59928867812687
3.282664572236495,0.9403296930780843,234.94556451612902,97.48778610627761
3.3242172883407544,0.9522304226019026,234.82692307692307,97.43855729332907
3.365770004445014,0.9641310699561663,233.832,97.02572614107883
3.4073227205492733,0.9760316341149107,233.87686567164178,97.04434260234098
3.4488754366535326,0.9879321140522166,233.8234126984127,97.02216294539946
3.4904281527577923,0.9998325087422069,233.90671641791045,97.05672880411221
3.5319808688620515,1.0117328171590487,234.03832116788323,97.11133658418392
3.5735335849663112,1.023633038276954,233.53492647058823,96.90245911642666
3.6150863010705705,1.0355331710701805,232.67028985507247,96.5436887365446
3.6566390171748298,1.047433214513031,233.61832061068702,96.937062494061
3.6981917332790895,1.0593331675798543,233.33833333333334,96.82088520055325
3.7397444493833487,1.0712330292450463,232.91485507246378,96.64516807986048
3.7812971654876084,1.0831327984830503,232.765625,96.5832468879668
3.8228498815918677,1.0950324742683577,232.81206896551726,96.60251824295322
3.864402597696127,1.1069320555755071,232.73116438356163,96.56894787699653
3.9059553138003866,1.118831541379088,231.92434210526315,96.23416684865691
3.947508029904646,1.1307309306537368,231.71206896551723,96.1460867076835
3.9890607460089056,1.1426302223741418,231.86,96.20746887966806
4.030613462113164,1.154529415515041,231.79746835443038,96.18152213876779
4.072166178217424,1.1664285090512232,231.18256578947367,95.92637584625463
4.113718894321684,1.1783275019575297,230.19875776397515,95.51815674853741
4.1552716104259435,1.1902263932088528,230.2253289473684,95.52918213583752
4.196824326530202,1.2021251817801375,229.58734939759037,95.26446033095036
4.238377042634462,1.2140238666463827,230.222049689441,95.52782144790083
4.279929758738722,1.2259224467826402,229.78846153846155,95.34790935205874
4.3214824748429805,1.237820921164016,229.44791666666666,95.20660442600276
4.36303519094724,1.249719288765672,229.11180124223603,95.06713744491121
4.4045879070515,1.2616175485628232,229.38649425287358,95.18111794725044
4.446140623155759,1.2735156995307417,229.01339285714286,95.02630409010078
4.4876933392600185,1.2854137406447566,229.40060240963857,95.18697195420688
4.529246055364278,1.2973116708802523,228.7704678362573,94.92550532624784
4.570798771468537,1.3092094892126709,229.04941860465115,95.04125253305027
4.612351487572797,1.3211071946175132,228.85416666666666,94.96023513139696
4.653904203677056,1.3330047860703376,228.29285714285714,94.72732661529342
4.695456919781316,1.344902262546762,227.49297752808988,94.39542636020327
4.737009635885575,1.3567996230224628,226.69623655913978,94.06482844777584
4.778562351989835,1.3686968664731776,226.4763888888889,93.97360534808668
4.820115068094094,1.3805939918747037,225.74162011173183,93.668722038063
4.861667784198353,1.3924909982028997,225.3736413043478,93.51603373624391
4.903220500302613,1.4043878844336863,225.42021276595744,93.53535799417322
4.9447732164068725,1.416284649543045,225.20767195767195,93.44716678741575
4.986325932511131,1.428181292507021,224.99335106382978,93.35823695594596
5.027878648615391,1.4400778123017224,224.72826086956522,93.24824102471587
5.069431364719651,1.4519742079033213,224.04922279792746,92.96648248876657
5.11098408082391,1.463870478288053,224.11771844660194,92.99490391975185
5.152536796928169,1.4757666224322181,223.85638297872342,92.88646596627528
5.194089513032429,1.4876626393121832,223.42821782178217,92.70880407542829
5.235642229136689,1.49955852790438,223.05026455026456,92.55197699181103
5.2771949452409475,1.5114542871853058,223.3700980392157,92.68468798307705
5.318747661345207,1.523349916131526,222.87742718446603,92.48026024251702
5.360300377449467,1.5352454137196727,222.94289340101523,92.50742464772415
5.401853093553726,1.5471407789264462,222.06428571428572,92.14285714285715
5.443405809657985,1.5590360107286154,221.7710396039604,92.02117825890473
5.484958525762245,1.5709311081030173,221.35763888888889,91.849642692485
5.526511241866504,1.5828260700265588,221.18127962085308,91.77646457296808
5.568063957970764,1.5947208954762175,220.3875,91.44709543568464
5.609616674075023,1.606615583429041,219.64545454545456,91.13919275745003
5.651169390179283,1.6185101328621472,219.18779342723005,90.9492918785187
5.692722106283542,1.6304045427527263,219.13302752293578,90.92656743690281
5.7342748223878015,1.6422988120780415,218.30092592592592,90.58129706469956
5.775827538492061,1.6541929398154271,217.24413145539907,90.14279313502036
5.81738025459632,1.666086924942291,217.76754385964912,90.3599767052486
5.85893297070058,1.6779807664361155,216.91628440366972,90.00675701397084
5.900485686804839,1.689874463274456,216.40290178571428,89.79373518079431
5.942038402909098,1.7017680144349436,216.02666666666667,89.63762102351313
5.983591119013358,1.7136614188952846,215.72587719298247,89.51281211327074
6.025143835117618,1.72555467563326,215.57905982905982,89.45189204525303
6.066696551221877,1.7374477836267286,214.8502202643172,89.14946898934323
6.108249267326136,1.7493407418536249,214.91447368421052,89.17613015942345
6.149801983430396,1.7612335492919615,215.10714285714286,89.25607587433313
6.191354699534656,1.7731262049198282,214.51906779661016,89.01206132639426
6.232907415638914,1.7850187077153936,214.18037974683546,88.87152686590683
6.274460131743174,1.7969110566569058,213.68369565217392,88.66543388057009
6.316012847847434,1.8088032507226914,213.07991803278688,88.41490374804435
6.357565563951693,1.8206952888911567,212.9746835443038,88.37123798518829
6.399118280055952,1.8325871701407908,212.005,87.9688796680498
6.440670996160212,1.844478893450161,212.05833333333334,87.99100968188105
6.482223712264471,1.8563704577979172,211.38422131147541,87.7112951499898
6.5237764283687305,1.8682618621627927,211.10392156862744,87.59498820274997
6.56532914447299,1.8801531055236018,210.45625,87.32624481327801
6.60688186057725,1.8920441868592417,209.864,87.0804979253112
6.648434576681509,1.9039351051486946,209.9780876494024,87.12783719892215
6.689987292785768,1.9158258593710262,209.93560606060606,87.11020998365396
6.731540008890028,1.9277164485053875,209.650390625,86.99186332987551
6.773092724994287,1.939606871531013,209.00301204819277,86.72324151377293
6.814645441098547,1.951497127427225,208.3875,86.46784232365144
6.856198157202806,1.9633872151734308,207.32073643410854,86.02520183987906
6.897750873307065,1.975277133749125,207.01666666666668,85.89903181189489
6.939303589411325,1.98716688213389,207.13229571984436,85.9470106721346
6.980856305515585,1.9990564593073947,206.9423828125,85.86820863589212
7.022409021619844,2.0109458642493974,206.44160583941607,85.66041736075356
7.063961737724103,2.0228350959397448,205.80204460966542,85.39503925712258
7.105514453828363,2.0347241533583738,205.2509259259259,85.16635930536344
7.1470671699326225,2.04661303548531,204.953007518797,85.0427417090444
7.188619886036881,2.0585017413006703,204.63399280575538,84.91037045881966
7.230172602141141,2.070390269784663,204.71119133574007,84.94240304387554
7.271725318245401,2.0822786199175862,204.23518518518517,84.7448901183341
7.3132780343496595,2.0941667906798322,203.64388489208633,84.49953729962088
7.354830750453919,2.1060547810518844,203.27767527675277,84.34758310238705
7.396383466558179,2.117942590014319,202.359375,83.96654564315352
7.437936182662438,2.129830216547807,202.37235915492957,83.97193325930688
7.479488898766697,2.141717659633114,201.71750902527077,83.7002112138053
7.521041614870957,2.153604918251097,201.26398601398603,83.51202739169544
7.562594330975217,2.1654919913827113,200.53510273972603,83.20958619905645
7.604147047079476,2.177378878009007,200.2389455782313,83.08669941005448
7.645699763183735,2.189265577111131,199.94354838709677,82.96412796145094
7.687252479287995,2.2011520876703248,199.58219178082192,82.81418746092196
7.728805195392254,2.2130384086679284,199.44333333333333,82.75656984785616
7.770357911496514,2.224924539085382,198.76621160409556,82.47560647472845
7.811910627600773,2.2368104779042195,198.22888513513513,82.25264943366602
7.853463343705032,2.248696224106076,197.95376712328766,82.13849258227704
7.895016059809292,2.2605817766726872,197.30536912751677,81.86944777075385
7.9365687759135515,2.2724671345858853,196.8656351791531,81.6869855515158
7.978121492017811,2.284352296827607,195.9889455782313,81.32321393287606
8.01967420812207,2.296237262379886,194.68269230769232,80.78120012767316
8.061226924226329,2.308122030224859,194.6170568561873,80.75396550049265
8.102779640330589,2.320006599344766,194.0136217948718,80.50357750824556
8.144332356434848,2.331890968721947,193.81570512820514,80.42145441004362
8.185885072539108,2.3437751373388465,193.65686274509804,80.35554470750957
8.227437788643368,2.3556591041780117,193.46587301587303,80.27629585720872
8.268990504747627,2.3675428682220945,193.14123376623377,80.14159077437087
8.310543220851887,2.379426428453851,192.47608024691357,79.86559346344961
8.352095936956145,2.3913097838561406,192.17233009708738,79.73955605688273
8.393648653060405,2.4031929334119333,191.76612903225808,79.57100789720252
8.435201369164664,2.415075876104299,191.31701807228916,79.38465480177973
8.476754085268924,2.426958610916418,191.1269716088328,79.30579734806341
8.518306801373184,2.4388411368315768,190.77121212121213,79.15817930340752
8.559859517477443,2.4507234528331687,190.38053797468353,78.9960738484164
8.601412233581701,2.462605557904696,189.83588957055215,78.77007865998014
8.642964949685961,2.4744874510297707,189.41616314199396,78.59591831618008
8.68451766579022,2.4863691311921117,189.02377300613497,78.43310083242116
8.72607038189448,2.4982505973755496,187.9123475609756,77.9719284485376
8.76762309799874,2.510131848564023,187.92284866468842,77.97628575298275
8.809175814103,2.522012883741583,187.58458083832335,77.83592565905533
8.85072853020726,2.533893701892392,186.95758928571428,77.57576318909307
8.892281246311518,2.545774302000723,186.64508928571428,77.44609513930052
8.933833962415777,2.5576546830509628,186.14577039274926,77.23890887665944
8.975386678520037,2.5695348440276096,185.77817919075144,77.0863814069508
9.016939394624297,2.581414783915275,185.2638081395349,76.87294943549165
9.058492110728556,2.5932945016986864,184.81194690265488,76.68545514632983
9.100044826832816,2.6051739963626823,184.2434971098266,76.44958386299858
9.141597542937074,2.617053266892218,183.628612716763,76.19444511069004
9.183150259041334,2.6289323122723647,183.22922636103152,76.02872463113341
9.224702975145593,2.6408111314883094,182.7240168539326,75.81909413026249
9.266255691249853,2.652689723525353,182.8343023255814,75.86485573675577
9.307808407354113,2.664568087368917,182.3477653631285,75.66297317972138
9.349361123458372,2.6764462220045373,181.66260744985672,75.37867529039698
9.390913839562632,2.6883241264178706,180.9796348314607,75.09528416243182
9.43246655566689,2.7002017995946876,180.7132768361582,74.98476217267975
9.47401927177115,2.712079240520884,180.2348484848485,74.78624418458443
9.51557198787541,2.72395644818247,179.8409090909091,74.622783855149
9.55712470397967,2.7358334215655784,179.15714285714284,74.33906342620034
9.598677420083929,2.7477101596564615,178.62083333333334,74.11652835408023
9.640230136188189,2.7595866614414937,178.49242424242425,74.06324657362002
9.681782852292448,2.7714629259071693,178.1881793478261,73.93700387876602
9.723335568396706,2.783338952040106,177.5707671957672,73.68081626380382
9.764888284500966,2.795214738827044,177.0713296398892,73.4735807634395
9.806441000605226,2.8070902852548456,176.65135135135134,73.2993159134238
9.847993716709485,2.818965590310498,176.43223684210525,73.2083970299192
9.889546432813745,2.8308406529811116,176.08608815426996,73.06476686899168
9.931099148918005,2.8427154722539223,175.13020833333334,72.66813623789766
9.972651865022263,2.8545900471162895,174.51571038251367,72.4131578350679
10.014204581126522,2.8664643765557014,174.07461734693877,72.23013167922771
10.055757297230782,2.8783384595597683,173.90374677002583,72.15923102490699
10.097310013335042,2.8902122951162315,173.33597883597884,71.92364267053064
10.138862729439301,2.902085882212955,172.99355670103094,71.78155879710827
10.180415445543561,2.9139592198379343,172.59249329758714,71.6151424471316
10.22196816164782,2.925832306979291,172.2654702970297,71.47944825602892
10.263520877752079,2.9377051426252763,171.74417098445596,71.26314148732612
10.305073593856338,2.94957772576427,171.36256544502618,71.10479893984488
10.346626309960598,2.961450055384783,171.01470588235293,70.96045887234561
10.388179026064858,2.973322130475456,170.70231958762886,70.83083800316551
10.429731742169118,2.985193950025059,170.4025,70.70643153526972
10.471284458273377,2.997065513022494,169.83354430379748,70.47035033352593
10.512837174377635,3.008936818456796,169.6714824120603,70.40310473529473
10.554389890481895,3.0208078653171313,169.08663366336634,70.16042890596114
10.595942606586155,3.0326786525927996,168.54618226600985,69.93617521411197
10.637495322690414,3.0445491792732335,168.22932330827066,69.8046984681621
10.679048038794674,3.056419444347999,167.92650753768845,69.67904877082508
10.720600754898934,3.0682894468067974,167.79227053140096,69.62334876821616
10.762153471003193,3.0801591856394652,167.21666666666667,69.38450899031811
10.803706187107451,3.092028659835971,166.82743902439023,69.22300374456026
10.845258903211711,3.103897868386426,166.9048780487805,69.25513611982593
10.88681161931597,3.1157668102810705,166.49330900243308,69.08436058192244
10.92836433542023,3.127635484510286,165.81582125603865,68.80324533445587
10.96991705152449,3.1395038900645895,165.50548780487804,68.67447626758425
11.01146976762875,3.151372025934638,165.0093896713615,68.46862641965208
11.053022483733008,3.163239891111224,164.50359712230215,68.2587539926565
11.094575199837267,3.1751074845852822,164.35516826923077,68.19716525694223
11.136127915941527,3.1869748053478846,163.63901869158877,67.90000775584596
11.177680632045787,3.1988418523902444,163.31324582338902,67.76483229186266
11.219233348150047,3.2107086247037135,162.86137440758293,67.57733377908005
11.260786064254306,3.222575121279786,162.76157407407408,67.5359228523129
11.302338780358566,3.2344413411100983,162.25173611111111,67.32437183033656
11.343891496462824,3.2463072831864266,161.97014051522248,67.20752718473962
11.385444212567084,3.2581729465006917,161.65402843601896,67.07636034689584
11.426996928671343,3.2700383300449567,161.204185520362,66.88970353541991
11.468549644775603,3.281903432811428,160.6641531322506,66.66562370632805
11.510102360879863,3.293768253792456,160.33125,66.52748962655602
11.551655076984122,3.3056327919805355,160.05357142857142,66.4122703023118
11.59320779308838,3.317497046368307,159.9599542334096,66.37342499311602
11.63476050919264,3.3293610159485554,159.61378923766816,66.22978806542247
11.6763132252969,3.3412246997142137,159.31938073394497,66.10762686055807
11.71786594140116,3.353088096658359,159.49493243243242,66.1804698889761
11.75941865750542,3.364951205774217,159.19300225733633,66.05518765864578
11.800971373609679,3.3768140260551607,158.87444933920705,65.92300802456724
11.842524089713939,3.388676556494711,158.35333333333332,65.70677731673582
11.884076805818196,3.4005387960865363,157.96428571428572,65.54534676941316
11.925629521922456,3.4124007438244575,157.72466960352423,65.44592099731295
11.967182238026716,3.4242623987024405,157.85674778761063,65.50072522307495
12.008734954130976,3.436123759714605,157.30294759825327,65.27093261338311
12.050287670235235,3.4479848258552193,156.91935483870967,65.11176549324053
12.091840386339495,3.459845596118703,156.93664383561645,65.1189393508782
12.133393102443755,3.4717060694996285,156.62605042016807,64.9900624150075
12.174945818548013,3.4835662449927183,155.94771241830065,64.7085943644401
12.216498534652272,3.4954261215928497,155.92316017316017,64.69840671085484
12.258051250756532,3.507285698295052,155.6554347826087,64.58731733718203
12.299603966860792,3.519144974094508,155.34375,64.45798755186722
12.341156682965051,3.5310039479865547,155.24048625792813,64.41513952611125
12.382709399069311,3.5428626189666836,155.0453056768559,64.33415173313523
12.424262115173569,3.5547209860305418,154.90384615384616,64.27545483562082
12.465814831277829,3.5665790481739323,154.53503184713375,64.12241985358247
12.507367547382088,3.5784368043928136,154.12658898305085,63.952941486743086
12.548920263486348,3.5902942536833,153.69723360655738,63.774785728861985
12.590472979590608,3.602151395041665,153.71359743040685,63.781575697264245
12.632025695694868,3.614008227464337,153.4620253164557,63.677188927989924
12.673578411799127,3.625864749947906,152.95867346938775,63.46832924040985
12.715131127903385,3.6377209614891175,152.74472573839662,63.37955424829735
12.756683844007645,3.6495768610848778,152.75360824742268,63.383239936689904
12.798236560111905,3.6614324477322544,152.48206751054852,63.27056743176287
12.839789276216164,3.67328772042847,152.05088932806325,63.091655322847814
12.881341992320424,3.685142678170912,151.61278586278587,62.90986965260824
12.922894708424684,3.6969973199571275,151.17857142857142,62.72969768820391
12.964447424528942,3.7088516447848265,151.03925619834712,62.671890538733244
13.006000140633201,3.72070565165188,151.04522357723576,62.674366629558406
13.047552856737461,3.732559339556322,150.79881656804733,62.57212305728105
13.08910557284172,3.7444127074963487,150.5759109311741,62.47963109177348
13.13065828894598,3.756265754470323,150.34146341463415,62.38234996457849
13.17221100505024,3.768118479476767,150.13577154308618,62.297000640284715
13.2137637211545,3.7799708815143713,149.94246031746033,62.21678851346901
13.255316437258758,3.791822959581989,149.9262048192771,62.21004349347597
13.296869153363017,3.8036747126786423,149.82193158953723,62.16677659316897
13.338421869467277,3.815526139803518,149.2797619047619,61.94180991898834
13.379974585571537,3.827377239955967,148.86721789883268,61.77062983354054
13.421527301675797,3.8392280121355102,148.5642156862745,61.644902774387766
13.463080017780056,3.8510784553418365,148.80310621242484,61.7440274740352
13.504632733884314,3.862928568574799,148.62790697674419,61.67133069574447
13.546185449988574,3.874778350834425,148.52374031007753,61.6281080124803
13.587738166092834,3.8866278011209063,148.32053742802304,61.54379146390998
13.629290882197093,3.898476918434606,148.0346153846154,61.42515161187361
13.670843598301353,3.9103257017760593,147.88385826771653,61.36259679158363
13.712396314405613,3.922174150145968,147.43438697318007,61.17609417974277
13.753949030509872,3.9340222625452075,147.3382066276803,61.13618532268893
13.79550174661413,3.9458700379748257,147.24418604651163,61.09717263340732
13.83705446271839,3.9577174754360387,146.72453703703704,60.88155063777471
13.87860717882265,3.9695645739302403,146.46676300578034,60.77459045883001
13.92015989492691,3.981411332458993,145.94198113207548,60.55683864401472
13.96171261103117,3.993257750024035,145.50670498084293,60.37622613312984
14.003265327135429,4.0051038256272795,145.77847490347492,60.488993735881714
14.044818043239689,4.016949558270812,145.59255898366607,60.411850200691305
14.086370759343946,4.028794946956895,145.6438679245283,60.433140217646596
14.127923475448206,4.040639990687963,145.16314338235293,60.23366945325848
14.169476191552466,4.052484688466634,144.8964218455744,60.122996616420906
14.211028907656726,4.064329039295692,144.71212121212122,60.046523324531634
14.252581623760985,4.076173042178107,144.46537769784172,59.944140123585775
14.294134339865245,4.088016696117023,144.37049335863378,59.904769028478746
14.335687055969503,4.099860000115763,144.11868231046932,59.800283116377315
14.377239772073763,4.111702953177826,144.1449814126394,59.81119560690431
14.418792488178022,4.123545554306893,143.77007299270073,59.65563194717872
14.460345204282282,4.1353878025068225,143.72064220183486,59.63512124557463
14.501897920386542,4.147229696781655,143.43587360594796,59.51696000246803
14.543450636490801,4.159071236135609,143.2158273381295,59.42565449714916
14.585003352595061,4.170912419573085,143.16786355475762,59.405752512347554
14.626556068699319,4.182753246098668,142.86241007194243,59.27900832860682
14.668108784803579,4.194593714717119,142.78673835125448,59.24760927437946
14.709661500907838,4.206433824433384,142.79258241758242,59.25003419816698
14.751214217012098,4.2182735742525965,142.66871704745168,59.198637779025596
14.792766933116358,4.2301129631800665,142.48863636363637,59.12391550358356
14.834319649220618,4.241951990221291,142.16114982578398,58.988028973354346
14.875872365324875,4.253790654381951,141.99326750448833,58.91836825912379
14.917425081429135,4.265628954667915,141.86510791366908,58.86519000567182
14.958977797533395,4.277466890085233,141.75778546712803,58.820657870177605
15.000530513637655,4.289304459640142,141.5641831238779,58.740324947667176
15.042083229741914,4.301141662339066,141.35980902777777,58.65552241816505
15.083635945846174,4.312978497188617,141.36116071428572,58.65608328393598
15.125188661950434,4.32481496319559,141.26284246575344,58.615287330188146
15.166741378054692,4.3366510593669725,141.0840554592721,58.54110185032037
15.208294094158951,4.348486784709939,141.20355902777777,58.590688393268785
15.249846810263211,4.3603221382318536,141.04895104895104,58.52653570495894
15.29139952636747,4.372157118940266,140.7543177892919,58.40428124037008
15.33295224247173,4.383991725842919,140.45068027210885,58.278290569339774
15.37450495857599,4.395825957947745,140.41724137931035,58.26441551008729
15.416057674680248,4.407659814262867,140.2249134948097,58.18461140863474
15.457610390784508,4.4194932937966,140.02058319039452,58.09982704995623
15.499163106888767,4.4313263955574484,139.93856655290102,58.065795250166396
15.540715822993027,4.443159118554111,139.84833333333333,58.0283540802213
15.582268539097287,4.454991461795481,139.43567753001716,57.85712760581625
15.623821255201547,4.466823424290638,139.31399317406144,57.80663617180972
15.665373971305806,4.478655005048862,139.19166666666666,57.755878284923924
15.706926687410064,4.490486203079625,139.01230899830222,57.68145601589304
15.748479403514324,4.502317017392594,138.76541666666665,57.57901106500691
15.790032119618584,4.514147446997629,138.7367294520548,57.56710765645426
15.831584835722843,4.525977490904789,138.75983606557378,57.57669546289368
15.873137551827103,4.537807148124325,138.4789256198347,57.460135111964604
15.914690267931363,4.549636417666692,138.06208333333333,57.28717150760719
15.956242984035622,4.56146529854253,137.82408940397352,57.18841883982304
15.99779570013988,4.573293789762688,137.56384742951906,57.080434618057694
16.03934841624414,4.585121890338207,137.40584415584416,57.01487309371127
16.0809011323484,4.596949599280328,137.11791666666667,56.8954011065007
16.122453848452658,4.608776915600491,137.03186274509804,56.859694085102916
16.164006564556917,4.620603838310337,136.9060975609756,56.80750936140066
16.205559280661177,4.632430366421703,136.8342927631579,56.7777148394846
16.247111996765437,4.644256498946631,136.6483118971061,56.70054435564569
16.288664712869696,4.656082234897361,136.61487603305784,56.68667055313603
16.330217428973956,4.667907573286334,136.38344051446944,56.590639217622176
16.371770145078216,4.679732513126196,136.33900316455697,56.57220048321866
16.413322861182476,4.691557053429793,136.2139344262295,56.52030474117408
16.454875577286735,4.703381193210173,136.1311802232855,56.485966897628835
16.496428293390995,4.715204931480589,135.9950819672131,56.42949459220461
16.537981009495255,4.727028267254498,135.74961180124222,56.327639751552795
16.579533725599514,4.738851199545562,135.7412,56.32414937759336
16.621086441703774,4.7506737273676425,135.59094551282053,56.26180311735291
16.66263915780803,4.762495849734812,135.423828125,56.19245980290456
16.70419187391229,4.774317565661349,135.07544141252006,56.04790100104567
16.74574459001655,4.786138874161734,134.7464953271028,55.91140884942024
16.78729730612081,4.797959774250658,134.71735668789808,55.899318127758534
16.82885002222507,4.809780264943015,134.68789556962025,55.8870935973528
16.87040273832933,4.82160034525391,134.89055299539172,55.97118381551523
16.91195545443359,4.833420014198655,134.85714285714286,55.957320687611144
16.953508170537848,4.845239270792772,134.43653846153848,55.78279604213214
16.995060886642108,4.857058114051989,134.3446909667195,55.74468504843133
17.036613602746367,4.868876542992247,134.02786377708978,55.613221484269616
17.078166318850627,4.880694556629694,133.98700305810397,55.59626682908878
17.119719034954887,4.89251215398069,133.7797987616099,55.51028994257672
17.161271751059147,4.904329334061807,133.63253477588873,55.44918455431067
17.202824467163403,4.916146095889826,133.32894736842104,55.32321467569338
17.244377183267662,4.9279624384817415,133.26119402985074,55.29510125719948
17.285929899371922,4.939778360854762,133.16035548686244,55.25325953811719
17.327482615476182,4.9515938620263045,133.13961538461538,55.244653686562394
17.36903533158044,4.963408941014002,132.93364197530863,55.15918754162183
17.4105880476847,4.975223596835703,132.6644245142003,55.0474790515354
17.45214076378896,4.987037828509466,132.56814759036143,55.00753012048192
17.49369347989322,4.998851635053569,132.58383685800604,55.014040190044
17.53524619599748,5.010665015486501,132.53667664670658,54.99447163763759
17.57679891210174,5.022477968826971,132.32413010590014,54.90627805224072
17.618351628206,5.0342904940938995,132.18338323353294,54.84787686038711
17.65990434431026,5.046102590306426,132.04241071428572,54.7893820391227
17.70145706041452,5.05791425648391,131.75603318250378,54.67055318776091
17.743009776518775,5.069725491645922,131.67551622418878,54.63714366148912
17.784562492623035,5.081536294812258,131.67989614243322,54.63896105495154
17.826115208727295,5.093346665002927,131.4384328358209,54.53876881154394
17.867667924831554,5.105156601238158,131.28872180451128,54.476648051664434
17.909220640935814,5.116966102538403,131.2384328358209,54.455781259676726
17.950773357040074,5.12877516792433,131.1525,54.420124481327804
17.992326073144334,5.140583796416828,130.93592592592591,54.330259720301214
18.033878789248593,5.152391987037009,130.77028985507246,54.26153106019604
18.075431505352853,5.164199738806206,130.72069732937686,54.240953248704095
18.116984221457113,5.17600705074597,130.56213450292398,54.175159544781735
18.158536937561372,5.187813921878081,130.27589928057554,54.05638974297741
18.200089653665632,5.199620351224534,130.1680029154519,54.011619466992485
18.24164236976989,5.211426337807556,129.95964285714285,53.9251630112626
18.283195085874148,5.223231880649587,129.85812772133528,53.8830405482719
18.324747801978408,5.235036978773303,129.86958092485548,53.8877929148778
18.366300518082667,5.246841631201597,129.54154624277456,53.75167893891061
18.407853234186927,5.258645836957589,129.40381791483114,53.69453025511666
18.449405950291187,5.2704495950646235,129.47695530726256,53.72487772085584
18.490958666395446,5.282252904546274,129.49173850574712,53.731011828110844
18.532511382499706,5.2940557644263375,129.33321529745044,53.66523456325745
18.574064098603966,5.305858173728841,129.04208273894437,53.54443267176116
18.615616814708225,5.317660131478035,129.05901759530792,53.551459583115324
18.657169530812485,5.329461636698401,128.93767217630855,53.501108786850025
18.698722246916745,5.341262688414649,128.79733520336606,53.44287767774525
18.740274963021005,5.353063285651717,128.51123595505618,53.32416429670381
18.781827679125264,5.36486342743477,128.39907932011332,53.277626273905945
18.82338039522952,5.376663112789204,128.3103813559322,53.24082213939095
18.86493311133378,5.388462340740653,128.04867872044505,53.13223183420956
18.90648582743804,5.40026111031497,127.92009943181819,53.0788794322897
18.9480385435423,5.412059420538244,127.7864010989011,53.023402945602115
18.98959125964656,5.423857270436798,127.83713692946058,53.04445515745252
19.03114397575082,5.4356546590371835,127.71030640668523,52.991828384516694
19.07269669185508,5.447451585366186,127.66204986149584,52.97180492178251
19.11424940795934,5.459248048450825,127.48589562764457,52.8987118786907
19.155802124063598,5.471044047318353,127.3133514986376,52.82711680441394
19.197354840167858,5.482839580996255,127.30069444444445,52.82186491470724
19.238907556272117,5.4946346485122515,127.1022418478261,52.73951943893199
19.280460272376377,5.506429248894299,126.81138545953361,52.61883214088532
19.322012988480637,5.5182233811705865,126.67534246575343,52.5623827658728
19.363565704584897,5.5300170443695436,126.402628032345,52.449223249935685
19.405118420689153,5.541810237519829,126.36581137309292,52.43394662783939
19.446671136793412,5.553602959650346,126.19681571815718,52.36382394944281
19.488223852897672,5.565395209790229,125.96544715447155,52.26782039604628
19.529776569001932,5.577186986968856,125.86461126005362,52.22597977595586
19.57132928510619,5.588978290215835,125.7735531628533,52.18819633313415
19.61288200121045,5.60076911856102,125.80532786885246,52.201380858445
19.65443471731471,5.6125594710345,125.48986486486487,52.070483346416964
19.69598743341897,5.624349346666606,125.24172185430463,51.96751944162018
19.73754014952323,5.636138744487906,125.11339522546419,51.914271877785964
19.77909286562749,5.647927663529211,125.00338753387534,51.86862553272835
19.82064558173175,5.659716102821573,124.96845318860244,51.85412995377695
19.86219829783601,5.671504061396282,124.78067885117494,51.77621529094396
19.90375101394027,5.683291538284874,124.64405080213903,51.71952315441454
19.945303730044525,5.695078532519123,124.50986842105263,51.663845817864164
19.986856446148785,5.70686504313105,124.38180610889775,51.61070792900322
20.028409162253045,5.718651069152917,124.23985602094241,51.55180747756947
20.069961878357304,5.73043660961723,124.25359947643979,51.55751015619908
20.111514594461564,5.742221663556738,124.16510067114093,51.52078866022446
20.153067310565824,5.7540062300044355,123.9796511627907,51.44383865675963
20.194620026670083,5.765790307993564,123.97285522788204,51.44101876675603
20.236172742774343,5.7775738965576044,123.65151515151516,51.30768263548347
20.277725458878603,5.78935699473029,123.627425614489,51.297686976966396
20.319278174982863,5.8011396015455965,123.47340425531915,51.23377769930255
20.360830891087122,5.812921716037749,123.37239583333333,51.19186549100968
20.402383607191382,5.8247033372412185,123.13135593220339,51.09184893452423
20.44393632329564,5.836484464190723,122.93380462724936,51.009877438692676
20.485489039399898,5.848265095921229,122.80032051282052,50.95448983934462
20.527041755504158,5.860045231467953,122.67983028720627,50.90449389510634
20.568594471608417,5.87182486986636,122.74623588456713,50.93204808488263
20.610147187712677,5.8836040101521645,122.66721204188482,50.899258108665904
20.651699903816937,5.89538265136133,122.47001262626263,50.817432625005246
20.693252619921196,5.90716079253007,122.40949935815148,50.792323385125094
20.734805336025456,5.918938432694851,122.23177749360613,50.71857987286561
20.776358052129716,5.93071557089239,122.12374371859296,50.67375258032904
20.817910768233975,5.942492206159655,122.07341526520052,50.65286940464752
20.859463484338235,5.954268337533869,121.86772151898734,50.56751930248438
20.901016200442495,5.966043964052501,121.77557544757033,50.52928441807898
20.942568916546755,5.977819084753281,121.58229426433915,50.449084756987205
20.984121632651014,5.989593698674188,121.56835205992509,50.44329960992743
21.02567434875527,6.001367804853455,121.50158227848101,50.41559430642365
21.06722706485953,6.013141402329573,121.3694306930693,50.36075962368021
21.10877978096379,6.024914490141285,121.1796973518285,50.2820320961944
21.15033249706805,6.036687067327589,121.18389724310777,50.28377478967128
21.19188521317231,6.04845913292774,120.98146984924622,50.19978002043411
21.23343792927657,6.06023068598125,120.76423267326733,50.109640113388934
21.27499064538083,6.072001725527887,120.59754601226994,50.04047552376346
21.31654336148509,6.083772250607673,120.59039900249377,50.037509959540984
21.358096077589348,6.095542260260895,120.50895061728394,50.00371394908048
21.399648793693608,6.107311753528089,120.3083645443196,49.92048321341062
21.441201509797867,6.119080729450057,120.0906862745098,49.830160279879586
21.482754225902127,6.130849187067856,119.95485257985258,49.77379775097618
21.524306942006387,6.142617125422805,119.73145859085291,49.6811031497315
21.565859658110643,6.1543845435564775,119.76981707317073,49.69701953243599
21.607412374214903,6.166151440510714,119.67672413793103,49.658391758477606
21.648965090319162,6.177917815327613,119.53245192307692,49.59852776891158
21.690517806423422,6.189683667049535,119.25832305795315,49.48478135184778
21.732070522527682,6.201448994719097,119.06809927360774,49.405850320999065
21.77362323863194,6.213213797379185,118.9265243902439,49.347105556117796
21.8151759547362,6.224978074072944,118.90186074429772,49.336871678131835
21.85672867084046,6.236741823843783,118.95407542579075,49.35853752107499
21.89828138694472,6.2485050457353735,118.82542579075425,49.30515592977355
21.93983410304898,6.260267738791651,118.79046762589928,49.290650467178125
21.98138681915324,6.272029902056816,118.6401925391095,49.22829565938154
22.0229395352575,6.283791534575333,118.41058612440192,49.13302328813358
22.06449225136176,6.295552635391933,118.28732227488152,49.08187646260644
22.106044967466016,6.30731320355161,118.05952380952381,48.98735427781071
22.147597683570275,6.319073238099626,117.97740610328638,48.953280540782735
22.189150399674535,6.330832738081509,117.89122596153847,48.91752114586658
22.230703115778795,6.342591702543055,117.65393794749403,48.819061389001675
22.272255831883054,6.3543501305303245,117.68378063010502,48.831444244856854
22.313808547987314,6.36610802108965,117.48756067961165,48.7500251782621
22.355361264091574,6.377865373267629,117.41120689655172,48.718343110602376
22.396913980195833,6.389622186111127,117.31302521008404,48.67760382161163
22.438466696300093,6.40137845866728,117.12205882352941,48.59836465706614
22.480019412404353,6.413134189983496,117.03967780429595,48.56418166153359
22.521572128508613,6.424889379107451,116.86289381563594,48.49082730939251
22.563124844612872,6.436644025087086,116.92650462962963,48.517221838020596
22.604677560717132,6.448398126970624,116.86344786729858,48.49105720634795
22.646230276821388,6.46015168380655,116.70496535796767,48.42529682903223
22.687782992925648,6.471904694643626,116.70501730103807,48.42531838217347
22.729335709029908,6.483657158530882,116.49408983451536,48.337796611832104
22.770888425134167,6.495409074517623,116.58638443935926,48.376093128364836
22.812441141238427,6.507160441653427,116.36251468860165,48.283201115602346
22.853993857342687,6.518911258988148,116.21318493150685,48.22123856079122
22.895546573446946,6.530661525571908,116.02280600461894,48.142243155443545
22.937099289551206,6.542411240455108,115.78008177570094,48.04152770775973
22.978652005655466,6.554160402688422,115.70885357548241,48.01197243795951
23.020204721759725,6.565909011322799,115.59125586854461,47.96317670893967
23.061757437863985,6.577657065409465,115.52818080357143,47.93700448280972
23.103310153968245,6.58940456399992,115.18800461361015,47.7958525367677
23.144862870072505,6.601151506145943,115.09874429223744,47.75881505901968
23.18641558617676,6.612897890899586,115.11781609195403,47.766728668860594
23.22796830228102,6.6246437173131865,114.96412169919633,47.70295506190719
23.26952101838528,6.636388984439351,115.05361111111111,47.74008759797142
23.31107373448954,6.648133691330967,114.9948275862069,47.71569609386178
23.3526264505938,6.659877837041203,114.9177036199095,47.68369444809523
23.39417916669806,6.671621420623504,114.91527313266444,47.68268594716367
23.43573188280232,6.683364441131596,114.76993166287016,47.62237828334862
23.47728459890658,6.6951068976194845,114.73710762331838,47.60875834992464
23.51883731501084,6.706848789141454,114.6013590033975,47.5524311217417
23.560390031115098,6.718590114752073,114.45983146067415,47.49370600027974
23.601942747219358,6.730330873506187,114.24057649667405,47.40272883679421
23.643495463323617,6.742071064458928,114.18777777777778,47.38082065467958
23.685048179427877,6.753810686665707,114.11640360766629,47.35120481645904
23.726600895532137,6.765549739182218,114.04871937639199,47.323120073191696
23.768153611636393,6.777288221064436,113.98018973214286,47.29468453615887
23.809706327740653,6.789026131368625,113.86098779134295,47.24522314993484
23.851259043844912,6.8007634691513275,113.57868303571429,47.128084247184354
23.892811759949172,6.812500233469373,113.4891425389755,47.09093051409772
23.93436447605343,6.824236423379873,113.46608315098469,47.08136230331314
23.97591719215769,6.83597203794023,113.55954994511526,47.12014520544202
24.01746990826195,6.847707076208122,113.59113436123349,47.13325077229605
24.05902262436621,6.859441537241524,113.46806768558952,47.0821857616554
24.10057534047047,6.871175420098689,113.42954298150163,47.06620040726209
24.14212805657473,6.8829087238381605,113.4514192139738,47.075277682146805
24.18368077267899,6.89464144751877,113.39917582417583,47.05359992704391
24.22523348878325,6.906373590199635,113.24280177187154,46.98871442816247
24.26678620488751,6.918105150940161,113.25646551724138,46.99438403205037
24.308338920991766,6.929836128800041,113.13782751091703,46.94515664353404
24.349891637096025,6.941566522839261,113.12902360515021,46.941503570601746
24.391444353200285,6.953296332118093,113.15559824368826,46.95253039157189
24.432997069304545,6.965025555697098,113.15936147186147,46.954091897037955
24.474549785408804,6.976754192637131,113.06116452991454,46.913346277972835
24.516102501513064,6.988482241999332,113.0442794279428,46.90634001159452
24.557655217617324,7.0002097028451375,112.9186295503212,46.85420313291336
24.599207933721583,7.011936574236273,112.76643318965517,46.79105111603949
24.640760649825843,7.023662855234754,112.6722046413502,46.75195213334034
24.682313365930103,7.035388544902894,112.66595059076262,46.74935709160275
24.723866082034363,7.047113642303291,112.72173913043478,46.77250586325095
24.765418798138622,7.058838146498844,112.71462765957448,46.76955504546659
24.806971514242882,7.07056205655274,112.67539267015707,46.75327496687015
24.848524230347138,7.082285371528464,112.71527777777777,46.769824804057166
24.890076946451398,7.094008090489793,112.66346153846153,46.748324289818065
24.931629662555657,7.105730212500798,112.56798483206934,46.70870739919889
24.973182378659917,7.117451736625848,112.37857873210633,46.63011565647566
25.014735094764177,7.129172661929607,112.31597222222223,46.60413785154449
25.056287810868437,7.14089298747703,112.38880042462846,46.63435702266741
25.097840526972696,7.152612712333377,112.40785340314136,46.642262822880234
25.139393243076956,7.164331835564197,112.3688829787234,46.62609252229187
25.180945959181216,7.176050356235343,112.27079055441479,46.58539027154141
25.222498675285475,7.18776827341296,112.12618545837724,46.525388157003
25.264051391389735,7.199485586163494,112.08958773784356,46.51020238084795
25.305604107493995,7.211202293553691,112.16188959660298,46.540203152117414
25.347156823598255,7.22291839465059,112.24063765182186,46.572878693702016
25.38870953970251,7.234633888521538,112.20333680917622,46.55740116563329
25.43026225580677,7.246348774234175,111.86547205135062,46.4172083200625
25.47181497191103,7.258063050856444,111.90217099973198,46.43243609947385
25.51336768801529,7.2697767174565895,111.78142514011209,46.38233408303406
25.55492040411955,7.281489773103154,111.70633859320674,46.35117783950487
25.59647312022381,7.293202216864981,111.57647693552738,46.297293334243726
25.63802583632807,7.30491404781122,111.35017468422467,46.20339198515546
25.67957855243233,7.31662526501132,111.3743001866169,46.21340256706096
25.72113126853659,7.328335867535032,111.26046511627906,46.166168098041105
25.762683984640848,7.3400458544524145,111.30181032153472,46.18332378486918
25.804236700745108,7.3517552248338225,111.1768275862069,46.131463728716554
25.845789416849367,7.363463977749922,111.08838587981676,46.09476592523517
25.887342132953627,7.375172112271677,111.04287652645861,46.07588237612391
25.928894849057883,7.38687962747036,111.03284570797682,46.07172021077876
25.970447565162143,7.39858652241755,111.1917586856989,46.13765920568419
26.012000281266403,7.410292796185127,111.04340704340704,46.07610250763778
26.053552997370662,7.421998447845281,110.96039333515434,46.041656985541216
26.095105713474922,7.433703476470504,110.94476504534212,46.03517221798428
26.13665842957918,7.445407881133599,110.94035567715459,46.03334260462846
26.17821114568344,7.457111660907676,110.97219950940311,46.04655581303034
26.2197638617877,7.46881481486615,110.68896229011835,45.92902999589973
26.26131657789196,7.480517342082741,110.59699863574352,45.890870803213076
26.30286929399622,7.492219241631487,110.58691433324093,45.88668644532818
26.34442201010048,7.503920512586725,110.46094396908639,45.83441658468315
26.38597472620474,7.5156211540231075,110.40118630358587,45.80962087285721
26.427527442309,7.527321165015595,110.2607977991747,45.75136838140029
26.469080158413256,7.539020544639455,110.38245806983778,45.80184982150946
26.510632874517515,7.55071929197027,110.34502923976608,45.78631918662493
26.552185590621775,7.562417406083931,110.21313709457618,45.7315921554258
26.593738306726035,7.57411488605664,110.20263230052097,45.727233319718245
26.635291022830295,7.5858117309649105,110.24965093549288,45.74674312676053
26.676843738934554,7.597507939885568,110.22240303770003,45.73543694510375
26.718396455038814,7.609203511895753,110.18963127252565,45.7218387022928
26.759949171143074,7.620898446072914,110.18248572205603,45.718873743591715
26.801501887247333,7.632592741494818,110.19718309859155,45.72497224007948
26.843054603351593,7.644286397239542,110.12278231484089,45.69410054557713
26.884607319455853,7.655979412385476,109.97591339648173,45.633159085677065
26.926160035560113,7.667671786011329,109.95245946688651,45.6234271646832
26.967712751664372,7.679363517196121,109.87004103967168,45.58922864716667
27.00926546776863,7.691054605019189,109.7766803840878,45.55048978592854
27.050818183872888,7.702745048560184,109.91423001949317,45.60756432344115
27.092370899977148,7.714434846899074,109.86548291633038,45.587337309680656
27.133923616081407,7.726123999116147,109.95243456234168,45.62341683084717
27.175476332185667,7.737812504292002,109.75572930709086,45.541796392983755
27.217029048289927,7.749500361507556,109.80755244755245,45.56329977076865
27.258581764394187,7.761187569844045,109.94375516956163,45.61981542305462
27.300134480498446,7.772874128383028,109.81526759032872,45.5665010748252
27.341687196602706,7.784560036206371,109.65385694249649,45.4995257022807
27.383239912706966,7.79624529239627,109.66494424802828,45.50412624399514
27.424792628811225,7.807929896035233,109.61300901885761,45.48257635637245
27.466345344915485,7.819613846206092,109.55984661736511,45.46051726861623
27.507898061019745,7.831297141991995,109.6001104667219,45.47722426005058
27.549450777124,7.842979782476415,109.53177907299472,45.44887098464511
27.59100349322826,7.854661766743139,109.45639614855571,45.41759176288619
27.63255620933252,7.866343093876284,109.46181027453112,45.41983828818719
27.67410892543678,7.878023762960281,109.36321399289423,45.378926968005906
27.71566164154104,7.889703773079887,109.2994812994813,45.35248186700469
27.7572143576453,7.901383123320181,109.29436267703416,45.350357957275584
27.79876707374956,7.9130618127665615,109.37128847725415,45.382277376454006
27.84031978985382,7.924739840504755,109.4616662053695,45.419778508452076
27.88187250595808,7.936417205620807,109.39868023095958,45.39364324936082
27.92342522206234,7.948093907201091,109.2594119263534,45.33585557110099
27.964977938166598,7.9597699443323,109.2212824010914,45.32003419132423
28.006530654270858,7.971445316101458,109.32752518377349,45.36411833351597
28.048083370375117,7.983120021595908,109.35984534658934,45.377529189456155
28.089636086479377,7.994794059903322,109.25130030112237,45.33248975150306
28.131188802583633,8.006467430111696,109.37334414706677,45.38313035147999
28.172741518687893,8.018140131309353,109.39078265612217,45.3903662473536
28.214294234792153,8.029812162584944,109.331227684702,45.365654640955185
28.255846950896412,8.041483523027447,109.34218450588557,45.370201039786544
28.297399667000672,8.053154211726161,109.28251748251748,45.345442938803934
28.33895238310493,8.064824227770725,109.30480279044808,45.35468995454277
28.38050509920919,8.076493570251092,109.15083038388238,45.29080098916281
28.42205781531345,8.088162238257556,109.09832463608899,45.26901437182116
28.46361053141771,8.099830230880732,109.040434192673,45.244993440943155
28.50516324752197,8.111497547211567,108.89811526905217,45.1859399456648
28.54671596362623,8.12316418634134,108.87125171939478,45.17479324456215
28.58826867973049,8.134830147361654,108.86182606339746,45.17088218398235
28.62982139583475,8.146495429364451,108.67738389667491,45.0943501645954
28.671374111939006,8.158160031441994,108.66390152528767,45.08875581962144
28.712926828043265,8.169823952686887,108.69127700300793,45.10011493900744
28.754479544147525,8.18148719219206,108.59569833923223,45.06045574242001
28.796032260251785,8.193149749050775,108.53426498253158,45.03496472304215
28.837584976356045,8.204811622356626,108.50458206053874,45.022648157899894
28.879137692460304,8.216472811203545,108.38758434547908,44.97410138816559
28.920690408564564,8.228133314685792,108.57080251985758,45.05012552691186
28.962243124668824,8.23979313189796,108.5406427221172,45.03761108801543
29.003795840773083,8.25145226193498,108.4847667834996,45.01442605124464
29.045348556877343,8.263110703892117,108.4699258445482,45.008267985289706
29.086901272981603,8.274768456864965,108.52947510094212,45.032977220307934
29.128453989085862,8.28642551994946,108.43567331330237,44.99405531672298
29.170006705190122,8.29808189224187,108.3218639934977,44.946831532571665
29.21155942129438,8.309737572838799,108.281358652046,44.93002433694854
29.253112137398638,8.321392560837188,108.34466684946531,44.956293298533325
29.294664853502898,8.333046855334313,108.61145469212154,45.066993648183214
29.336217569607157,8.34470045542779,108.68775677896467,45.09865426513057
29.377770285711417,8.356353360215568,108.55673102353875,45.04428673175882
29.419323001815677,8.368005568795938,108.47993536224078,45.01242131213311
29.460875717919937,8.379657080267528,108.38138138138139,44.97152754414165
29.502428434024196,8.391307893729302,108.38941398865785,44.974860576206574
29.543981150128456,8.402958008280565,108.52474979713281,45.031016513333114
29.585533866232716,8.414607423020962,108.50976719293551,45.02479966511847
29.627086582336975,8.426256137050474,108.65036674816626,45.08313972952957
29.668639298441235,8.437904149469427,108.68497970230041,45.097501951161995
29.710192014545495,8.449551459378483,108.81334751395906,45.150766603302515
29.75174473064975,8.461198065878648,109.1762619372442,45.30135350093121
29.79329744675401,8.472843968071267,109.4143046357616,45.40012640488033
29.83485016285827,8.48448916505803,109.99482147724176,45.64100476234098
29.87640287896253,8.496133655940959,110.30556302069336,45.76994316211342
29.91795559506679,8.507777439822432,110.75086782376502,45.954716939321585
29.95950831117105,8.519420515805157,111.42447008317681,46.23421995152565
30.00106102727531,8.531062882992195,112.41064230045687,46.64342004168335
30.04261374337957,8.542704540486945,110.99751243781094,46.057059102826116
30.08416645948383,8.55434548739315,110.61702702702702,45.89918133901536
30.125719175588088,8.565985722814897,110.49748883928571,45.849580431238884
30.167271891692348,8.57762524585662,110.2068676716918,45.72899073514182
30.208824607796608,8.589264055623094,110.21042253521126,45.73046578224534
30.250377323900867,8.600902151219442,110.0008445945946,45.64350398115958
30.291930040005123,8.612539531751132,109.91541457985531,45.60805584226361
30.333482756109383,8.62417619632398,109.76920871559633,45.547389508546196
30.375035472213643,8.635812144044143,109.55853797829812,45.45997426485399
30.416588188317903,8.647447374018128,109.5800457404231,45.46889864747847
30.458140904422162,8.659081885352789,109.51616562677255,45.44239237625417
30.499693620526422,8.670715677155327,109.37948717948719,45.38567932758804
30.54124633663068,8.682348748533292,109.4436660828955,45.41230957796494
30.58279905273494,8.693981098594577,109.54043905257078,45.4524643371663
30.6243517688392,8.70561272644743,109.50230017251293,45.436639075731506
30.66590448494346,8.717243631200445,109.78819444444444,45.55526740433379
30.70745720104772,8.728873811962567,109.95100864553314,45.622825164121636
30.74900991715198,8.740503267843085,110.25399172087522,45.74854428252084
30.79056263325624,8.752131997951645,111.39485714285715,46.22193242442205
30.832115349360496,8.763760001398238,112.87832250443,46.83747821760581
30.873668065464756,8.77538727729321,113.50437062937063,47.097249223805235
30.915220781569015,8.787013824747255,114.37937166567872,47.46032019322769
30.956773497673275,8.79863964287142,115.06161137440758,47.74340720929775
30.998326213777535,8.810264730777103,115.34104046242774,47.859352888974165
31.039878929881795,8.821889087576052,116.49346793349169,48.33753856161481
31.081431645986054,8.83351271238037,116.7385294117647,48.43922382230901
31.122984362090314,8.845135604302513,117.22078684674105,48.639330641801266
31.164537078194574,8.856757762455294,117.53976261127596,48.771685730819904
31.206089794298833,8.868379185951868,117.83807829181495,48.89546817087758
31.247642510403093,8.879999873905755,118.57991556091677,49.2032844651107
31.289195226507353,8.891619825430825,118.6884661117717,49.24832618745714
31.330747942611612,8.9032390396413,116.1134923030486,48.17987232491643
31.37230065871587,8.914857515651763,115.57645968489342,47.957037213648725
31.41385337482013,8.926475252577148,114.90203442879499,47.67719270904357
31.455406090924388,8.93809224953275,114.62903741605372,47.56391594027125
31.496958807028648,8.94970850563421,113.81748700703149,47.22717303196327
31.538511523132907,8.961324019997534,113.88767299645961,47.25629584915337
31.580064239237167,8.972938791739082,113.51451355661882,47.10145790731072
31.621616955341427,8.984552819975573,113.39284563325813,47.050973291808354
31.663169671445687,8.996166103824079,113.02807704864512,46.899617032632825
31.704722387549946,9.007778642402036,112.73190522557611,46.77672415999009
31.746275103654206,9.01939043482723,112.71758495546024,46.77078213919512
31.787827819758466,9.031001480217816,112.3950212905339,46.636938294827345
31.829380535862725,9.042611777692297,112.332784184514,46.61111376950788
31.870933251966985,9.054221326369545,112.32565899232566,46.60815725822641
31.912485968071245,9.065830125368784,112.22596964586846,46.56679238417779
31.9540386841755,9.0774381738096,112.15138083873167,46.53584267167289
31.99559140027976,9.089045470811945,111.94151260504202,46.44876041702988
32.03714411638402,9.100652015496124,111.82475937603718,46.40031509379136
32.07869683248828,9.112257806982807,111.76298811544991,46.37468386533192
32.12024954859254,9.12386284439302,111.74076630997584,46.365463199160104
32.1618022646968,9.135467126848164,111.73667711598746,46.36376643816907
32.20335498080106,9.147070653469983,111.18905982905983,46.136539348157605
32.244907696905315,9.158673423380602,111.29027825489523,46.17853869497727
32.28646041300958,9.170275435702496,111.02466134074331,46.06832420777731
32.328013129113835,9.181876689558507,111.49377445748844,46.262976953314705
32.3695658452181,9.193477184071844,111.36169479848432,46.20817211555366
32.411118561322354,9.205076918366073,111.030281439259,46.07065619886265
32.45267127742662,9.21667589156513,111.23000355492357,46.15352844602638
32.49422399353087,9.228274102793312,111.30207966161439,46.183435544238336
32.53577670963514,9.239871551175284,111.54529307282415,46.284353972126205
32.57732942573939,9.25146823583607,111.19850586979723,46.14045886713578
32.618882141843656,9.263064155901072,111.16334661354581,46.12586996412689
32.66043485794791,9.274659310496038,111.29996346364632,46.182557453795155
32.701987574052175,9.286253698747105,110.97674418604652,46.04844157097366
32.74354029015643,9.297847319780756,111.00252798844348,46.059140244167416
32.78509300626069,9.309440172723857,110.96703690433536,46.04441365325119
32.82664572236495,9.321032256703633,111.090399701158,46.095601535750205
32.86819843846921,9.332623570847678,110.55649613544351,45.87406478649108
32.90975115457347,9.344214114283954,110.50812567713976,45.85399405690446
32.95130387067773,9.355803886140789,110.67785741229724,45.92442216277894
32.99285658678199,9.367392885546886,110.62687112084703,45.90326602524773
33.034409302886246,9.378981111631312,111.11478525275561,46.10572002189029
33.07596201899051,9.390568563523503,110.69581056466302,45.931871603594615
33.117514735094765,9.402155240353265,110.54439865118022,45.86904508347727
33.15906745119903,9.41374114125078,110.50984175993825,45.85470612445571
33.200620167303285,9.425326265346586,110.28128460686601,45.759869131479675
33.24217288340755,9.43691061177161,110.29476899579993,45.765464313609925
33.283725599511804,9.448494179657134,110.24242424242425,45.74374449893122
33.32527831561606,9.460076968134821,110.09476499808942,45.682475102941666
33.366831031720324,9.471658976336709,109.96427184466019,45.628328566249046
33.40838374782458,9.48324020339519,109.8450810403317,45.57887180096751
33.44993646392884,9.49482064844305,110.183339820942,45.719228141469706
33.4914891800331,9.506400310613431,109.50210486031382,45.436558033325234
33.53304189613736,9.51797918903986,109.87232386142468,45.590175876109825
33.57459461224162,9.52955728285623,109.43801329683222,45.409964023581836
33.61614732834588,9.541134591196808,109.44469957902794,45.41273841453442
33.65770004445014,9.552711113196242,109.65198237885463,45.498747875043414
33.6992527605544,9.564286847989544,109.06512524084778,45.255238689148456
33.74080547665866,9.575861794712111,109.26528166200559,45.33829114606041
33.78235819276292,9.587435952499705,109.21259230470268,45.31642834220028
33.82391090886718,9.59900932048847,109.18318199763127,45.30422489528269
33.86546362497143,9.610581897814926,109.3040293040293,45.35436900582129
33.907016341075696,9.622153683615968,108.98741643727881,45.22299437231486
33.94856905717995,9.633724677028862,108.92704554615075,45.197944210021056
33.990121773284216,9.64529487719126,108.92003136025089,45.1950337594402
34.03167448938847,9.65686428324118,108.6522625356706,45.083926363348795
34.073227205492735,9.668432894317032,108.69236980218005,45.100568382647324
34.11477992159699,9.68000070955759,108.7253719340571,45.1142622133017
34.156332637701254,9.691567728102008,108.86568986568986,45.17248542144807
34.19788535380551,9.703133949089828,108.61180752122928,45.067140050302605
34.239438069909774,9.71469937166096,108.57595718402635,45.05226439171218
34.28099078601403,9.7262639949557,108.06490872210954,44.84021108801225
34.32254350211829,9.737827818114718,108.38027015963979,44.971066456282074
34.36409621822255,9.749390840279066,108.29970326409496,44.93763620916803
34.405648934326805,9.760953060590179,108.14064410925397,44.87163655985642
34.44720165043107,9.77251447818987,108.25989171178675,44.92111689285757
34.488754366535325,9.784075092220325,108.62982527427874,45.07461629638122
34.53030708263959,9.795634901824128,108.4026902059689,44.98036938007008
34.571859798743844,9.807193906144224,108.26801517067004,44.92448762268466
34.61341251484811,9.818752104323961,107.78903306822939,44.72573986233584
34.654965230952364,9.830309495507047,108.69143098353736,45.1001788313433
34.69651794705663,9.841866078837592,108.63398421271292,45.07634199697632
34.73807066316088,9.853421853460071,108.33846812152332,44.95372121225034
34.779623379265146,9.864976818519361,108.26439232409382,44.92298436684391
34.8211760953694,9.876530973160703,108.65744234800839,45.08607566307402
34.862728811473666,9.888084316529735,108.34793926247289,44.957651146254314
34.90428152757792,9.89963684777247,108.35717290702566,44.96148253403554
34.94583424368218,9.911188566035312,108.41481481481482,44.985400338097435
34.98738695978644,9.92273947046505,108.33956651083723,44.954176975451134
35.0289396758907,9.934289560208848,109.23744096178618,45.326738988293016
35.07049239199496,9.94583883441427,109.01588001764446,45.23480498657447
35.11204510809922,9.957387292229248,109.13677034512143,45.28496694818317
35.15359782420348,9.968934932802117,109.10932619366355,45.27357933347035
35.195150540307736,9.980481755281586,109.05231816248406,45.249924548748574
35.236703256412,9.992027758816757,109.42762868455786,45.40565505583314
35.278255972516256,10.003572942557113,109.33200177541056,45.36597584041932
35.31980868862052,10.015117305652533,109.52253829321663,45.44503663618947
35.361361404724775,10.026660847253272,109.6608187134503,45.502414403921286
35.40291412082904,10.038203566509983,109.69400086318515,45.51618293078222
35.444466836933294,10.0497454625737,109.90182954038376,45.602418896424794
35.48601955303755,10.061286534595846,110.03171058508262,45.656311446092374
35.527572269141814,10.07282678172824,110.28335564480143,45.760728483320094
35.56912498524607,10.08436620312308,110.15286041189931,45.706581083775646
35.61067770135033,10.095904797932961,110.03854577310557,45.659147623695254
35.65223041745459,10.10744256531086,110.16203914428766,45.71038968642642
35.69378313355885,10.118979504410154,109.97345928924877,45.63214078392065
35.73533584966311,10.130515614384597,109.98738170347004,45.63791771928217
35.77688856576737,10.142050894388351,109.84632922936616,45.579389721728695
35.81844128187163,10.153585343575948,110.0009086778737,45.64353057173182
35.85999399797589,10.16511896110233,110.07849512308407,45.675724117462266
35.90154671408015,10.176651746122817,109.84803256445048,45.58009649977198
35.94309943018441,10.18818369779313,109.89729481889042,45.60053726924914
35.98465214628867,10.199714815269376,109.98205246203405,45.63570641578176
36.02620486239292,10.211245097708058,110.07391910739192,45.67382535576428
36.067757578497186,10.22277454426607,109.96751740139212,45.62967527028719
36.10931029460144,10.234303154100699,109.82758620689656,45.57161253398198
36.150863010705706,10.245830926369628,109.93566433566434,45.61645823056612
36.19241572680996,10.257357860230925,109.8862690707351,45.59596227001456
36.233968442914225,10.268883954843066,110.17741176470588,45.71676836709788
36.27552115901848,10.280409209364908,109.96882380727445,45.63021734741678
36.317073875122745,10.291933622955712,109.73997168475697,45.53525796048007
36.358626591227,10.303457194775124,109.79933428435568,45.55988974454592
36.400179307331264,10.314979923983199,109.94535263895376,45.620478273424794
36.44173202343552,10.326501809740371,109.77682403433477,45.55054939184015
36.48328473953978,10.338022851207487,109.92765957446808,45.61313675289132
36.52483745564404,10.349543047545772,110.09020742884708,45.68058399537223
36.566390171748296,10.361062397916866,110.09859154929578,45.684062883525215
36.60794288785256,10.37258090148279,109.94017899199247,45.618331531947085
36.649495603956815,10.384098557405974,110.42179176755448,45.81817085790642
36.69104832006108,10.395615364849233,110.02965088474414,45.65545679864903
36.732601036165335,10.40713132297579,110.00342969132778,45.64457663540572
36.7741537522696,10.418646430949265,110.48122866894198,45.84283347259003
36.815706468373854,10.430160687933665,110.26443914081146,45.75287931154002
36.85725918447812,10.441674093093413,110.50421836228288,45.85237276443273
36.89881190058237,10.453186645593316,110.25012001920307,45.746937767304175
36.94036461668664,10.46469834459859,110.53080335140463,45.863403880250885
36.98191733279089,10.47620918927484,110.5741556534508,45.881392387323984
37.023470048895156,10.487719178788083,110.40731586752348,45.812164260383184
37.06502276499941,10.499228312304727,110.99034062023385,46.05408324491031
37.10657548110367,10.510736588991582,110.357793764988,45.7916156701195
37.14812819720793,10.522244008015866,110.28339258506857,45.76074381123177
37.18968091331219,10.533750568545184,110.84695393759287,45.994586696096626
37.23123362941645,10.545256269747554,110.99550673989016,46.05622686302496
37.27278634552071,10.55676111079139,110.67506426735218,45.923263181473935
37.31433906162497,10.568265090845511,110.53427321341759,45.86484365701975
37.35589177772923,10.579768209079132,110.26481195260175,45.75303400522894
37.39744449383349,10.59127046466188,110.80928607089366,45.97895687588949
37.438997209937746,10.602771856763777,110.85164556962026,45.9965334313777
37.48054992604201,10.61427238455525,110.4038954382368,45.81074499511901
37.522102642146265,10.625772047207127,110.29281767955801,45.76465463882075
37.56365535825053,10.637270843890647,110.17561229807191,45.71602170044478
37.605208074354785,10.648768773777443,109.97445068983137,45.632552153457
37.64676079045904,10.660265836039557,109.86213887480993,45.585949740585036
37.688313506563304,10.671762029849441,109.28327291558777,45.34575639650945
37.72986622266756,10.683257354379945,109.31291816778177,45.358057331029784
37.77141893877182,10.69475180880432,108.79058699101004,45.141322402908735
37.81297165487608,10.70624539229623,108.78494069107788,45.13897953986634
37.85452437098034,10.717738104029744,108.4430577223089,44.997119386850166
37.8960770870846,10.729229943179334,108.19552782111285,44.89440988427919
37.93762980318886,10.740720908919876,108.16500785751703,44.88174599896972
37.97918251929312,10.752211000426662,107.82060864922585,44.73884176316425
38.02073523539738,10.763700216875378,107.3598971722365,44.54767517520187
38.06228795150164,10.775188557442126,107.84690026954178,44.74975114918746
38.1038406676059,10.786676021303414,107.05166051660517,44.419776147968946
38.14539338371016,10.798162607636153,107.56008470089995,44.63074053979251
38.18694609981441,10.809648315617666,107.08496042216359,44.433593536167464
38.22849881591868,10.821133144425689,106.9424,44.3744398340249
38.27005153202293,10.832617093238353,107.46710168569875,44.59215837580861
38.311604248127196,10.844100161234213,106.79413333333333,44.312918395573995
38.35315696423145,10.855582347592218,107.0400216333153,44.414946735815484
38.394709680335716,10.86706365149174,107.08516336368506,44.433677744267655
38.43626239643997,10.878544072112552,105.9620184481823,43.96764250961922
38.477815112544235,10.89002360863484,104.8363240891789,43.50054941459705
38.51936782864849,10.9015022602392,103.9940119760479,43.15104231371282
38.560920544752754,10.912980026106636,103.6039495337356,42.98919067789859
38.60247326085701,10.92445690541857,103.14818820984316,42.8000780953706
38.644025976961274,10.935932897356825,103.18463239358762,42.815200163314366
38.68557869306553,10.947408001103641,103.2292923752057,42.833731276018966
38.72713140916979,10.95888221584167,103.24187327823691,42.838951567733154
38.76868412527405,10.970355540753975,103.2774373259053,42.8537084339856
38.810236841378305,10.981827975024029,103.37369290038525,42.89364850638392
38.85178955748257,10.993299517835725,103.053460889139,42.76077215316971
38.893342273586825,11.004770168373355,103.5030303030303,42.94731547843581
38.93489498969109,11.016239925821639,103.60303200449187,42.98880996037007
38.976447705795344,11.027708789365695,103.82811610700057,43.082205853527206
39.01800042189961,11.039176758191072,103.97675705589374,43.14388259580653
39.059553138003864,11.050643831483717,104.14928774928775,43.21547209514014
39.10110585410813,11.062110008430002,104.19181155356141,43.23311682720391
39.14265857021238,11.073575288216706,104.28669331810394,43.272486853985036
39.184211286316646,11.085039670031028,104.67818696883853,43.434932352215164
39.2257640024209,11.096503153060578,104.82059988681381,43.49402484930033
39.267316718525166,11.107965736493382,105.07188039102932,43.598290618684366
39.30886943462942,11.119427419517885,105.31103487707261,43.69752484525834
39.35042215073368,11.130888201322943,105.52189141856392,43.785017186126105
39.39197486683794,11.142348081097834,106.1335636154289,44.038823076941455
39.4335275829422,11.153807058032244,106.09651627641348,44.02345073710103
39.47508029904646,11.165265131316284,107.22209234365867,44.49049474840609
39.51663301515072,11.17672230014047,107.36048526863085,44.54791919860202
39.55818573125498,11.188178563695754,108.56593731519811,45.048106769791744
39.599738447359236,11.199633921173486,108.79583574320417,45.14350030838347
39.6412911634635,11.211088371765447,108.71075837742504,45.10819849685686
39.682843879567756,11.222541914663825,109.73611940298507,45.53365950331331
39.72439659567202,11.23399454906124,108.76062900407688,45.128891702936464
39.765949311776275,11.245446274150716,109.4973230220107,45.43457386805424
39.80750202788054,11.256897089125706,108.64457478005865,45.080736423260845
39.849054743984794,11.268346993180076,108.74834834834834,45.12379599516529
39.89060746008905,11.279795985508116,108.71643588199879,45.11055430788332
39.932160176193314,11.29124406530453,107.86350322202695,44.75664034109002
39.97371289229757,11.302691231764449,108.52331920048455,45.03042290476537
40.01526560840183,11.31413748408342,108.00597014925373,44.815755248653
40.05681832450609,11.325582821457404,108.56338028169014,45.0470457600374
40.09837104061035,11.337027243082797,108.22920406941951,44.9083834312944
40.13992375671461,11.348470748156402,107.76164549304295,44.714375723254335
40.18147647281887,11.359913335875454,107.75569230769231,44.71190552186403
40.22302918892313,11.3713550054376,107.3993993993994,44.56406614082963
40.26458190502739,11.382795756040917,107.35727670206121,44.546587843178926
40.30613462113165,11.394235586883894,106.9794809897405,44.38982613682178
40.34768733723591,11.405674497165458,107.23341523341523,44.495193042910884
40.38924005334017,11.41711248608494,106.97707558859975,44.388828045062134
40.43079276944442,11.428549552842105,106.9065594059406,44.35956821823262
40.472345485548686,11.439985696637143,106.12923076923077,44.03702521544845
40.51389820165294,11.451420916670653,107.11811505507956,44.447350645261224
40.555450917757206,11.462855212143674,106.68082448469707,44.26590227580791
40.59700363386146,11.474288582257662,107.46038677479726,44.589372105725
40.638556349965725,11.485721026214497,106.19453076444996,44.064120649149366
40.68010906606998,11.49715254321648,106.62056074766355,44.240896575794004
40.721661782174245,11.508583132466342,106.36520666255397,44.13494052388132
40.7632144982785,11.520012793167236,106.36858771374287,44.13634344968584
40.804767214382764,11.531441524522743,105.37738168408113,43.725054640697564
40.84631993048702,11.542869325736861,106.54258675078864,44.208542220244254
40.88787264659128,11.554296196014029,107.2740506329114,44.51205420452755
40.92942536269554,11.565722134559092,104.0,43.15352697095436
40.970978078799796,11.577147140577337,103.90625,43.1146265560166
41.01253079490406,11.588571213274474,102.77552275522756,42.645445126650436
41.054083511008315,11.599994351856633,103.44849648112604,42.924687336566826
41.09563622711258,11.61141655553038,102.44423440453686,42.50798108072068
41.137188943216835,11.622837823502698,102.0427568602425,42.34139288806743
41.1787416593211,11.634258154981005,103.12778130959948,42.7916105019085
41.220294375425354,11.645677549173143,101.92057535959975,42.290695169958404
41.26184709152962,11.65709600528739,103.13846153846154,42.79604213214172
41.30339980763387,11.668513522532438,102.23291139240506,42.42029518357056
41.34495252373814,11.679930100117417,102.95076726342711,42.718160690218724
41.38650523984239,11.691345737251883,103.89614630960156,43.110434153361645
41.428057955946656,11.702760433145825,102.26649905719673,42.43423197394055
41.46961067205091,11.714174187009652,104.03071895424837,43.166273424999325
41.51116338815517,11.72558699805421,103.09855618330195,42.77948389348629
41.55271610425943,11.736998865490774,104.21870967741935,43.24427787444787
41.59426882036369,11.748409788531047,104.40974025974026,43.323543676240774
41.63582153646795,11.75981976638716,103.45204603580562,42.926160180832206
41.67737425257221,11.771228798271679,105.53592617007251,43.790840734469924
41.71892696867647,11.7826368833976,103.62965299684542,42.99985601528856
41.76047968478073,11.794044020978344,105.8668424522083,43.92815039510718
41.80203240088499,11.805450210227772,104.92619203135206,43.53783901715853
41.843585116989246,11.816855450360169,106.2869170984456,44.102455227570786
41.88513783309351,11.828259740590257,106.71664464993395,44.280765414910356
41.926690549197765,11.839663080133183,105.84190231362467,43.91780178988576
41.96824326530203,11.851065468204535,107.10773298083278,44.44304273063601
42.009795981406285,11.862466904020327,106.46363636363637,44.17578272350057
42.05134869751054,11.873867386797007,107.2976501305483,44.52184652719847
42.092901413614804,11.885266915751458,108.1776750330251,44.88700208839216
42.13445412971906,11.896665490100993,107.7744262295082,44.71967893340589
42.17600684582332,11.90806310906336,109.26089828269485,45.336472316470896
42.21755956192758,11.91945977185674,109.15775749674054,45.29367530985085
42.25911227803184,11.930855477699748,111.0039656311963,46.05973677643
42.3006649941361,11.942250225811435,110.73482849604221,45.94806161661503
42.34221771024036,11.953644015411282,112.06111484217595,46.49838790131782
42.38377042634462,11.965036845719208,114.23670212765957,47.401121214796504
42.42532314244888,11.97642871595557,105.70529801324503,43.86111950757055
42.46687585855314,11.987819625341146,101.20066666666666,41.99197786998617
42.5084285746574,11.999209573097168,98.19184491978609,40.74350411609382
42.54998129076166,12.01059855844529,96.80486158001351,40.167992356852075
42.59153400686591,12.021986580607606,95.76420079260238,39.736182901494765
42.63308672297018,12.033373638806651,93.18620227729404,38.66647397398093
42.67463943907443,12.044759732265387,93.01083276912661,38.59370654320606
42.716192155178696,12.056144860207219,91.01886792452831,37.76716511391216
42.75774487128295,12.067529021855986,90.99733865602128,37.75823180747771
42.799297587387215,12.078912216435965,89.22349763673193,37.02219818951533
42.84085030349147,12.090294443171869,88.32971506105835,36.65133405023168
42.882403019595735,12.101675701288848,87.07234617985125,36.129604224004666
42.92395573569999,12.113055990012494,85.62407031778228,35.52865988289721
42.965508451804254,12.124435308568833,84.87068381855111,35.21605137699216
43.00706116790851,12.135813656184325,83.20068259385665,34.5231048107289
43.048613884012774,12.14719103208588,82.97399041752224,34.42904166702168
43.09016660011703,12.158567435500835,81.01638225255972,33.616756121394076
43.131719316221286,12.169942865656969,86.048,35.7045643153527
43.17327203232555,12.181317321782508,86.87189148455163,36.04642800188864
43.214824748429805,12.192690803106103,87.1576923076923,36.165017555059045
43.25637746453407,12.20406330885686,87.74371069182389,36.40817871030037
43.297930180638325,12.21543483826431,89.0447409733124,36.94802530012963
43.33948289674259,12.226805390558436,88.75551921504497,36.828016271802895
43.381035612846844,12.238174964969653,89.34132231404959,37.07108809711601
43.42258832895111,12.24954356072882,89.52865697177074,37.14882032023682
43.464141045055364,12.26091117706724,89.91546914623838,37.30932329719435
43.50569376115963,12.272277813216643,90.17762596071734,37.41810205838894
43.54724647726388,12.283643468409222,90.2410480349345,37.44441827175705
43.588799193368146,12.29500814187759,90.8141592920354,37.682223772628795
43.6303519094724,12.306371832854818,89.93950177935943,37.31929534413255
43.67190462557666,12.317734540574405,89.7410071942446,37.23693244574465
43.71345734168092,12.329096264270307,90.5097312326228,37.5559050757771
43.75501005778518,12.340457003176907,90.875,37.70746887966805
43.79656277388944,12.35181675652904,91.02968460111317,37.771653361457744
43.8381154899937,12.36317552356198,91.3120899718838,37.88883401322979
43.87966820609796,12.374533303511448,89.99808061420346,37.34360191460724
43.92122092220222,12.385890095613602,90.2970106075217,37.46763925623307
43.96277363830648,12.39724589910505,90.69573835480674,37.63308645427665
44.004326354410736,12.408600713222835,91.24680432645035,37.86174453379682
44.045879070515,12.419954537204452,91.4437927663734,37.94348247567361
44.087431786619256,12.431307370287838,91.12740141557128,37.81219975749846
44.12898450272352,12.442659211711371,91.07865168539325,37.79197165369015
44.170537218827775,12.454010060713877,91.62653061224489,38.019307307985436
44.21208993493203,12.465359916534622,90.80584551148226,37.678774071154464
44.253642651036294,12.476708778413327,90.83891213389121,37.69249466136565
44.29519536714055,12.488056645590143,91.40170031880977,37.926016729796586
44.336748083244814,12.499403517305684,91.3021052631579,37.88469098056345
44.37830079934907,12.51074939280099,91.32230522945571,37.89307270931772
44.41985351545333,12.522094271317567,90.97574421168687,37.749271457131485
44.46140623155759,12.533438152097348,90.81222222222222,37.68142000922084
44.50295894766185,12.54478103438273,91.41519823788546,37.931617526093554
44.54451166376611,12.556122917416538,91.59251101321586,38.005191291790815
44.58606437987037,12.567463800442061,90.58305084745763,37.58632815247204
44.62761709597463,12.578803682703024,89.94791666666667,37.32278699861688
44.66916981207889,12.590142563443603,90.65132336018412,37.61465699592702
44.71072252818315,12.601480441908421,91.75866050808314,38.074132990905866
44.752275244287404,12.612817317342543,91.2867215041128,37.87830767805511
44.79382796039167,12.624153188991496,89.88520710059171,37.296766431780796
44.83538067649592,12.63548805610124,90.16164053075995,37.411469099900394
44.876933392600186,12.646821917918189,91.29176470588236,37.88040029289724
44.91848610870444,12.658154773689205,90.75761266747868,37.65876044293721
44.960038824808706,12.669486622661601,90.48628428927681,37.54617605364183
45.00159154091296,12.680817464083136,90.68710888610764,37.62950576187039
45.043144257017225,12.692147297202018,89.76143386897404,37.24540824438757
45.08469697312148,12.703476121266903,90.7317676143387,37.648036354497386
45.126249689225745,12.714803935526902,90.19127086007703,37.42376384235561
45.16780240533,12.726130739231566,89.90144546649145,37.30350434294251
45.209355121434264,12.73745653163091,90.88946015424165,37.71346894366873
45.25090783753852,12.748781311975382,90.59448818897638,37.5910739373346
45.292460553642776,12.760105079515895,89.24406332453826,37.030731669932884
45.33401326974704,12.771427833503807,89.27710843373494,37.04444333349998
45.375565985851296,12.78274957319092,89.23441734417344,37.026729188453714
45.41711870195556,12.794070297829501,90.12299465240642,37.39543346572881
45.458671418059815,12.805390006672251,89.36213991769547,37.07972610692758
45.50022413416408,12.81670869897234,89.26330532212886,37.03871590129828
45.541776850268334,12.828026373983375,88.64315937940762,36.78139393336416
45.5833295663726,12.839343030959425,89.25314685314686,37.0345007689406
45.624882282476854,12.850658669155,88.81019830028329,36.85070468891423
45.66643499858112,12.861973287825078,87.98988439306359,36.510325474300245
45.70798771468537,12.87328688622507,88.31845238095238,36.64666073898439
45.74954043078964,12.88459946361086,87.48502139800286,36.30083875435803
45.79109314689389,12.895911019238763,88.61218424962853,36.768541182418474
45.83264586299815,12.907221552365565,86.52089552238806,35.90078652381247
45.87419857910241,12.918531062248496,86.7426810477658,35.992813712765894
45.91575129520667,12.929839548145244,86.71016691957512,35.97932237326768
45.95730401131093,12.941147009313946,85.95933734939759,35.667774833774935
45.99885672741519,12.952453445013195,85.9080824088748,35.64650722359951
46.04040944351945,12.96375885450204,84.90610328638498,35.23074825161202
46.08196215962371,12.975063237039974,86.02215189873418,35.693838962130364
46.12351487572797,12.986366591886965,85.78412698412698,35.59507343739709
46.165067591832226,12.99766891830341,83.9983844911147,34.854101448595316
46.20662030793649,13.008970215550182,84.26174496644295,34.9633796541257
46.248173024040746,13.020270482888595,83.8793388429752,34.8047049140976
46.28972574014501,13.031569719580428,85.20064724919094,35.3529656635647
46.331278456249265,13.042867924887908,83.73684210526316,34.74557763703866
46.37283117235352,13.054165098073723,83.84156729131176,34.78903207108372
46.414383888457785,13.06546123840101,82.53451327433628,34.24668600594866
46.45593660456204,13.07675634513337,83.21731748726656,34.530007256127206
46.497489320666304,13.088050417534854,81.41767764298093,33.78326873152736
46.53904203677056,13.09934345486997,79.24156305506217,32.880316620357746
46.58059475287482,13.110635456403687,76.4051094890511,31.70336493321622
46.62214746897908,13.121926421401426,74.37522441651706,30.861088969509154
46.66370018508334,13.133216349129068,74.36297640653358,30.856006807690278
46.7052529011876,13.144505238852945,74.0184842883549,30.713064020064273
46.74680561729186,13.15579308983986,71.07238095238095,29.490614503062634
46.78835833339612,13.16707990135705,61.62756052141527,25.57160187610592
46.82991104950038,13.178365672672237,58.41619585687382,24.239085417789966
46.87146376560464,13.189650403053582,59.554474708171206,24.711400293846975
46.9130164817089,13.20093409176971,59.33864541832669,24.62184457191979
46.95456919781316,13.212216738089703,58.58148893360161,24.307671756681167
46.99612191391741,13.223498341283104,59.12643678160919,24.533791195688462
47.03767463002168,13.234778900619913,58.468686868686866,24.260865920616954
47.07922734612593,13.24605841537059,58.12474012474012,24.118149429352748
47.120780062230196,13.25733688480605,58.86401673640167,24.424903210125176
47.16233277833445,13.26861430819767,58.821946169772254,24.407446543473966
47.203885494438715,13.279890684817287,58.60995850622407,24.319484857354386
47.24543821054297,13.291166013937199,58.42672413793103,24.243453999141508
47.286990926647235,13.30244029483016,58.40397350993378,24.234013904536837
47.32854364275149,13.313713526769382,58.79443254817987,24.3960301029792
47.370096358855754,13.324985709028546,58.16035634743875,24.132927944995334
47.41164907496001,13.336256840881784,58.83183856502242,24.411551271793535
47.453201791064274,13.347526921603695,59.350467289719624,24.62674991274673
47.49475450716853,13.358795950469332,57.323660714285715,23.785751333728513
47.536307223272786,13.370063926754215,59.38979118329466,24.643066881035132
47.57785993937705,13.381330849734326,58.60095011876484,24.315746937246825
47.619412655481305,13.3925967186861,59.58695652173913,24.72487822478802
47.66096537158557,13.40386153288644,59.50735294117647,24.69184769343422
47.702518087689825,13.415125291612709,56.39904988123516,23.402095386404632
47.74407080379409,13.42638799414273,60.29950495049505,25.02054147323446
47.785623519898344,13.437649639754792,58.70103092783505,24.357274243914958
47.82717623600261,13.448910227727644,58.84415584415584,24.416662175998276
47.86872895210686,13.460169757340495,55.60891089108911,23.07423688426934
47.91028166821113,13.47142822787302,57.56233421750663,23.884785982367895
47.95183438431538,13.482685638605352,58.52127659574468,24.282687384126422
47.993387100419646,13.493941988818095,57.73888888888889,23.95804518211157
48.0349398165239,13.505197277792305,56.507894736842104,23.447259226905437
48.07649253262816,13.51645150480951,58.19346049046322,24.146664103926646
48.11804524873242,13.5277046691517,57.445086705202314,23.83613556232461
48.15959796483668,13.538956770101322,58.14040114613181,24.12464777847793
48.20115068094094,13.5502078069413,56.051575931232094,23.257915324162695
48.2427033970452,13.561457778955003,56.2906976744186,23.357135964489046
48.28425611314946,13.572706685426283,56.36309523809524,23.387176447342423
48.32580882925372,13.583954525639443,55.987692307692306,23.231407596552824
48.36736154535798,13.595201298879259,54.91131498470948,22.78477800195414
48.408914261462236,13.606447004430963,52.88607594936709,21.944429854509163
48.4504669775665,13.61769164158026,54.37223974763407,22.56109533096849
48.492019693670755,13.628935209613315,54.476190476190474,22.604228413357045
48.53357240977502,13.640177707816761,52.947194719471945,21.969790340029853
48.575125125879275,13.651419135477692,51.88294314381271,21.528192175855896
48.61667784198353,13.662659491883673,51.3864406779661,21.322174555172655
48.658230558087794,13.673898776322734,50.69580419580419,21.035603400748627
48.69978327419205,13.68513698808336,49.96907216494845,20.73405484022757
48.741335990296314,13.696374126454522,46.01067615658363,19.091566869951713
48.78288870640057,13.707610190725633,46.856115107913666,19.44237141407206
48.82444142250483,13.7188451801866,45.81617647058823,19.010861606053208
48.86599413860909,13.730079094127767,46.05813953488372,19.111261217794077
48.90754685471335,13.74131193183997,46.2593984962406,19.19477116026581
48.94909957081761,13.752543692614495,29.67063492063492,12.311466772047686
48.99065228692187,13.763774375743104,4.6,1.908713692946058
49.03220500302613,13.775003980518019,2.6219512195121952,1.087946564112944
49.07375771913039,13.786232506231936,2.4602510460251046,1.020851056441952
49.11531043523465,13.797459952178016,2.157446808510638,0.8952061446102234
49.156863151338904,13.808686317649887,2.0952380952380953,0.8693934005137325
49.19841586744317,13.819911601941646,1.7521739130434784,0.7270431174454267
49.23996858354742,13.831135804347854,1.635135135135135,0.6784793091847033
49.281521299651686,13.842358924163548,1.586046511627907,0.6581105857377207
49.32307401575594,13.853580960684223,1.4929577464788732,0.6194845421074162
49.364626731860206,13.864801913205856,1.4477611940298507,0.6007307859045024
49.40617944796446,13.876021781024876,1.4162679425837321,0.5876630467152416
49.447732164068725,13.887240563438196,1.3115577889447236,0.5442148501845326
49.48928488017298,13.898458259743185,1.217616580310881,0.5052350955646809
49.530837596277244,13.909674869237694,1.2094240837696335,0.501835719406487
49.5723903123815,13.920890391220032,1.2747252747252746,0.5289316492635994
49.613943028485764,13.932104824988988,1.2768361581920904,0.5298075345195395
49.65549574459002,13.943318169843806,1.2134831460674158,0.5035199776213344
49.697048460694276,13.954530425084215,1.155688622754491,0.4795388476159713
49.73860117679854,13.965741590010406,1.119047619047619,0.4643351116380162
49.780153892902796,13.976951663923037,1.10062893081761,0.4566925024139461
49.82170660900706,13.98816064612325,1.0324675324675325,0.4284097645093496
49.863259325111315,13.99936853591264,1.0451612903225806,0.43367688395127824
49.90481204121558,14.010575332593284,0.9929577464788732,0.4120156624393665
49.946364757319834,14.021781035467722,0.952054794520548,0.3950434832035468
49.9879174734241,14.032985643838977,0.9855072463768116,0.40892416862108366
50.029470189528354,14.044189157010528,0.9541984732824428,0.3959329764657439
50.07102290563262,14.055391574286334,0.9104477611940298,0.377779154022419
50.11257562173687,14.066592894970826,0.8770491803278688,0.36392082171280865
50.154128337841136,14.077793118368904,0.8484848484848485,0.35206840186093297
50.19568105394539,14.088992243785933,0.7786885245901639,0.3231072716141759
50.23723377004965,14.100190270527763,0.8,0.3319502074688797
50.27878648615391,14.11138719790071,0.7886178861788617,0.3272273386634281
50.32033920225817,14.122583025211556,0.8738738738738738,0.3626032671675825
50.36189191836243,14.133777751767566,0.8067226890756303,0.334739705010635
50.40344463446669,14.144971376876468,0.7946428571428571,0.3297273266152934
50.44499735057095,14.15616389984647,0.75,0.3112033195020747
50.48655006667521,14.167355319986246,0.6486486486486487,0.2691488168666592
50.52810278277947,14.178545636604952,0.6060606060606061,0.2514774299006664
50.569655498883726,14.1897348490122,0.6542056074766355,0.271454608911467
50.61120821498799,14.200922956518099,0.6138613861386139,0.25471426810730863
50.652760931092246,14.212109958433208,0.59375,0.2463692946058091
50.69431364719651,14.223295854068578,0.56,0.23236514522821577
50.735866363300765,14.234480642735718,0.48314606741573035,0.20047554664553127
50.77741907940502,14.245664323746624,0.47368421052631576,0.19654946494867873
50.818971795509285,14.256846896413759,0.5777777777777777,0.23974181650530196
50.86052451161354,14.26802836005006,0.6470588235294118,0.2684891383939468
50.902077227717804,14.27920871396894,0.6896551724137931,0.28616397195593074
50.94362994382206,14.290387957484285,0.6790123456790124,0.2817478612775985
50.98518265992632,14.301566089910457,0.654320987654321,0.27150248450386766
51.02673537603058,14.31274311056229,0.575,0.23858921161825725
51.06828809213484,14.323919018755097,0.5277777777777778,0.218994928538497
51.1098408082391,14.335093813804663,0.44155844155844154,0.1832192703561998
51.15139352434336,14.346267495027245,0.5072463768115942,0.21047567502555778
51.19294624044762,14.357440061739585,0.5633802816901409,0.23376775173864767
51.23449895655188,14.368611513258882,0.5970149253731343,0.24772403542453703
51.27605167265614,14.379781848902836,0.6129032258064516,0.25431669120599654
51.317604388760394,14.3909510679896,0.5454545454545454,0.22632968691059974
51.35915710486466,14.402119169837817,0.65,0.2697095435684647
51.40070982096891,14.413286153766599,0.631578947368421,0.262065953264905
51.44226253707318,14.424452019095535,0.5789473684210527,0.24022712382616293
51.48381525317743,14.435616765144687,0.5294117647058824,0.2196729314132292
51.525367969281696,14.446780391234606,0.5370370370370371,0.22283694482864608
51.56692068538595,14.4579428966863,0.52,0.2157676348547718
51.608473401490215,14.469104280821275,0.5333333333333333,0.22130013831258644
51.65002611759447,14.480264542961494,0.5319148936170213,0.2207115741149466
51.691578833698735,14.49142368242941,0.575,0.23858921161825725
51.73313154980299,14.502581698547948,0.4523809523809524,0.18770993874728314
51.774684265907254,14.513738590640513,0.42105263157894735,0.17471063550993665
51.81623698201151,14.524894358030979,0.3888888888888889,0.16136468418626096
51.857789698115766,14.53604900004371,0.42857142857142855,0.17783046828689983
51.89934241422003,14.547202516003539,0.3870967741935484,0.16062106813010307
51.940895130324286,14.558354905235774,0.5483870967741935,0.22754651318431265
51.98244784642855,14.569506167066217,0.6,0.24896265560165973
52.024000562532805,14.580656300821126,0.5555555555555556,0.23052097740894423
52.06555327863707,14.591805305827252,0.5217391304347826,0.2164892657405737
52.107105994741325,14.602953181411815,0.5238095238095238,0.21734835012843312
52.14865871084559,14.614099926902528,0.5789473684210527,0.24022712382616293
52.190211426949844,14.625245541627562,0.625,0.2593360995850622
52.23176414305411,14.636390024915586,0.8,0.3319502074688797
52.27331685915836,14.647533376095733,0.4166666666666667,0.17289073305670818
52.31486957526263,14.658675594497625,0.18181818181818182,0.07544322897019992
52.35642229136688,14.669816679451355,0.14285714285714285,0.05927682276229994
52.39797500747114,14.6809566302875,0.42857142857142855,0.17783046828689983
52.4395277235754,14.69209544633712,0.6666666666666666,0.276625172890733
52.48108043967966,14.70323312693174,1.0,0.4149377593360996
