Radius_mm,TwoTheta_deg,Intensity_Raw,Intensity_Normalized_Percent,Intensity_Smoothed
0.0,0.0,250.0,100.0,100.0
0.03283686863561013,0.009407069841702613,249.125,99.65,99.65
0.06567373727122026,0.01881413917624193,249.0,99.6,99.6
0.09851060590683039,0.02822120749645483,249.0,99.6,99.6
0.13134747454244053,0.03762827429517851,249.04166666666666,99.61666666666666,99.61666666666666
0.16418434317805067,0.047035339065250654,249.15,99.66000000000001,99.66000000000001
0.19702121181366078,0.05644240129950962,249.11111111111111,99.64444444444445,99.64444444444445
0.22985808044927092,0.06584946049079456,249.125,99.65,99.65
0.26269494908488106,0.07525651613194566,249.17857142857142,99.67142857142856,99.67142857142856
0.2955318177204912,0.08466356771580419,248.82142857142858,99.52857142857144,99.52857142857144
0.32836868635610134,0.09407061473521279,249.02941176470588,99.61176470588235,99.61176470588235
0.3612055549917115,0.1034776566830155,249.28125,99.7125,99.7125
0.39404242362732156,0.11288469305205812,249.3625,99.745,99.745
0.4268792922629317,0.12229172333518812,249.2608695652174,99.70434782608696,99.70434782608696
0.45971616089854184,0.13169874702525505,249.2840909090909,99.71363636363635,99.71363636363635
0.492553029534152,0.1411057636151105,249.35416666666666,99.74166666666666,99.74166666666666
0.5253898981697621,0.1505127725976085,249.30208333333334,99.72083333333333,99.72083333333333
0.5582267668053722,0.1599197734656053,249.38793103448276,99.7551724137931,99.7551724137931
0.5910636354409824,0.16932676571196006,249.26666666666668,99.70666666666668,99.70666666666668
0.6239005040765925,0.17873374882953447,249.08333333333334,99.63333333333334,99.63333333333334
0.6567373727122027,0.1881407223111934,249.11290322580646,99.64516129032258,99.64516129032258
0.6895742413478128,0.1975476856498046,248.77083333333334,99.50833333333333,99.50833333333333
0.722411109983423,0.20695463833823935,248.6764705882353,99.47058823529412,99.47058823529412
0.755247978619033,0.21636157986937218,248.67142857142858,99.46857142857142,99.46857142857142
0.7880848472546431,0.2257685097360813,249.05921052631578,99.6236842105263,99.6236842105263
0.8209217158902533,0.23517542743124878,249.25595238095238,99.70238095238095,99.70238095238095
0.8537585845258634,0.24458233244776045,249.01136363636363,99.60454545454544,99.60454545454544
0.8865954531614736,0.25398922427850634,249.03658536585365,99.61463414634146,99.61463414634146
0.9194323217970837,0.2633961024163808,249.01190476190476,99.6047619047619,99.6047619047619
0.9522691904326939,0.27280296635428253,249.07291666666666,99.62916666666666,99.62916666666666
0.985106059068304,0.2822098155851147,248.97340425531914,99.58936170212766,99.58936170212766
1.017942927703914,0.2916166496017856,248.88942307692307,99.55576923076923,99.55576923076923
1.0507797963395242,0.30102346789720824,248.88,99.55199999999999,99.55199999999999
1.0836166649751344,0.3104302699643004,248.76923076923077,99.50769230769231,99.50769230769231
1.1164535336107444,0.3198370552959856,248.6798245614035,99.4719298245614,99.4719298245614
1.1492904022463546,0.32924382338519254,248.4903846153846,99.39615384615385,99.39615384615385
1.1821272708819648,0.3386505737248556,248.1594827586207,99.26379310344828,99.26379310344828
1.214964139517575,0.3480573058079148,247.94736842105263,99.17894736842105,99.17894736842105
1.247801008153185,0.35746401912731596,247.9921875,99.19687499999999,99.19687499999999
1.2806378767887951,0.3668707131760113,248.0201612903226,99.20806451612904,99.20806451612904
1.3134747454244053,0.37627738744695904,247.864406779661,99.1457627118644,99.1457627118644
1.3463116140600153,0.38568404143312374,247.54779411764707,99.01911764705883,99.01911764705883
1.3791484826956255,0.39509067462747666,247.52651515151516,99.01060606060607,99.01060606060607
1.4119853513312357,0.4044972865229959,247.41319444444446,98.96527777777779,98.96527777777779
1.444822219966846,0.41390387661266603,247.2246376811594,98.88985507246376,98.88985507246376
1.4776590886024559,0.423310444389479,246.99264705882354,98.79705882352941,98.79705882352941
1.510495957238066,0.43271698934643416,246.73648648648648,98.6945945945946,98.6945945945946
1.5433328258736763,0.44212351097653774,246.45205479452054,98.58082191780821,98.58082191780821
1.5761696945092862,0.45153000877280375,246.07692307692307,98.43076923076922,98.43076923076922
1.6090065631448964,0.460936482228254,245.88815789473685,98.35526315789474,98.35526315789474
1.6418434317805066,0.4703429308359183,245.69642857142858,98.27857142857144,98.27857142857144
1.6746803004161168,0.479749354088834,245.27469135802468,98.10987654320988,98.10987654320988
1.7075171690517268,0.4891557514800469,244.92307692307693,97.96923076923078,97.96923076923078
1.740354037687337,0.49856212250261156,244.62790697674419,97.85116279069767,97.85116279069767
1.7731909063229472,0.5079684666495904,243.9783950617284,97.59135802469136,97.59135802469136
1.8060277749585574,0.517374783414055,243.63297872340425,97.4531914893617,97.4531914893617
1.8388646435941673,0.5267810722890854,243.48546511627907,97.39418604651163,97.39418604651163
1.8717015122297775,0.5361873327677713,243.00555555555556,97.20222222222222,97.20222222222222
1.9045383808653877,0.5455935643432109,242.77197802197801,97.1087912087912,97.1087912087912
1.9373752495009977,0.5549997665085121,242.4375,96.975,96.975
1.970212118136608,0.5644059387567922,241.98979591836735,96.79591836734694,96.79591836734694
2.003048986772218,0.5738120805811784,241.8479381443299,96.73917525773196,96.73917525773196
2.035885855407828,0.5832181914748074,241.6045918367347,96.64183673469388,96.64183673469388
2.0687227240434383,0.592624270930826,241.44,96.576,96.576
2.1015595926790485,0.6020303184423914,241.26288659793815,96.50515463917526,96.50515463917526
2.1343964613146587,0.6114363335026708,241.1435185185185,96.4574074074074,96.4574074074074
2.167233329950269,0.6208423156048423,241.1525,96.461,96.461
2.200070198585879,0.6302482642420939,240.8561320754717,96.34245283018868,96.34245283018868
2.232907067221489,0.6396541789076253,240.64380530973452,96.2575221238938,96.2575221238938
2.265743935857099,0.6490600590946469,240.86057692307693,96.34423076923078,96.34423076923078
2.298580804492709,0.6584659042963801,240.79241071428572,96.31696428571429,96.31696428571429
2.3314176731283194,0.6678717140060574,240.80607476635515,96.32242990654206,96.32242990654206
2.3642545417639296,0.6772774877169233,240.7125,96.285,96.285
2.3970914103995398,0.6866832249222337,240.76939655172413,96.30775862068965,96.30775862068965
2.42992827903515,0.6960889251152561,240.79741379310346,96.31896551724138,96.31896551724138
2.4627651476707597,0.7054945877892703,240.85714285714286,96.34285714285714,96.34285714285714
2.49560201630637,0.7149002124375682,240.88541666666666,96.35416666666666,96.35416666666666
2.52843888494198,0.7243057985534537,240.93951612903226,96.3758064516129,96.3758064516129
2.5612757535775903,0.7337113456302435,240.9558823529412,96.38235294117648,96.38235294117648
2.5941126222132005,0.7431168531612667,241.03024193548387,96.41209677419354,96.41209677419354
2.6269494908488107,0.7525223206398652,241.24423076923077,96.4976923076923,96.4976923076923
2.659786359484421,0.7619277475593939,241.448,96.5792,96.5792
2.6926232281200306,0.7713331334132209,241.49440298507463,96.59776119402986,96.59776119402986
2.725460096755641,0.7807384776947274,241.54761904761904,96.61904761904762,96.61904761904762
2.758296965391251,0.7901437798973082,241.65858208955223,96.6634328358209,96.6634328358209
2.791133834026861,0.7995490395143717,241.73540145985402,96.6941605839416,96.6941605839416
2.8239707026624714,0.80895425603934,241.78125,96.7125,96.7125
2.8568075712980816,0.8183594289656488,242.01992753623188,96.80797101449275,96.80797101449275
2.889644439933692,0.8277645577867488,242.14312977099237,96.85725190839695,96.85725190839695
2.9224813085693016,0.8371696419961039,242.33833333333334,96.93533333333335,96.93533333333335
2.9553181772049117,0.8465746810871932,242.4076086956522,96.96304347826089,96.96304347826089
2.988155045840522,0.8559796745535101,242.52777777777777,97.0111111111111,97.0111111111111
3.020991914476132,0.8653846218885625,242.65689655172415,97.06275862068966,97.06275862068966
3.0538287831117423,0.8747895225858737,242.7568493150685,97.1027397260274,97.1027397260274
3.0866656517473525,0.8841943761389818,242.7746710526316,97.10986842105264,97.10986842105264
3.1195025203829627,0.8935991820414401,242.88620689655173,97.15448275862069,97.15448275862069
3.1523393890185725,0.9030039397868173,243.07166666666666,97.22866666666667,97.22866666666667
3.1851762576541827,0.9124086488686978,243.20569620253164,97.28227848101265,97.28227848101265
3.218013126289793,0.9218133087806817,243.26480263157896,97.30592105263159,97.30592105263159
3.250849994925403,0.9312179190163852,243.4503105590062,97.38012422360248,97.38012422360248
3.2836868635610132,0.94062247906944,243.50822368421052,97.40328947368421,97.40328947368421
3.3165237321966234,0.9500269884334944,243.6355421686747,97.45421686746988,97.45421686746988
3.3493606008322336,0.9594314466022132,243.65683229813664,97.46273291925466,97.46273291925466
3.382197469467844,0.9688358530692773,243.75160256410257,97.50064102564103,97.50064102564103
3.4150343381034536,0.978240207328385,243.82886904761904,97.53154761904761,97.53154761904761
3.4478712067390638,0.9876445088732504,243.79658385093168,97.51863354037266,97.51863354037266
3.480708075374674,0.9970487571976062,243.94396551724137,97.57758620689656,97.57758620689656
3.513544944010284,1.0064529517952006,243.93005952380952,97.57202380952381,97.57202380952381
3.5463818126458944,1.0158570921598002,243.8975903614458,97.55903614457831,97.55903614457831
3.5792186812815046,1.025261177785189,243.86257309941521,97.5450292397661,97.5450292397661
3.6120555499171147,1.0346652081651686,244.05959302325581,97.62383720930232,97.62383720930232
3.6448924185527245,1.044069182793558,244.00833333333333,97.60333333333332,97.60333333333332
3.6777292871883347,1.0534731011641953,244.19571428571427,97.6782857142857,97.6782857142857
3.710566155823945,1.0628769627709356,244.35533707865167,97.74213483146067,97.74213483146067
3.743403024459555,1.0722807671076533,244.38306451612902,97.75322580645161,97.75322580645161
3.7762398930951653,1.0816845136682405,244.35416666666666,97.74166666666666,97.74166666666666
3.8090767617307755,1.0910882019466086,244.31424581005587,97.72569832402235,97.72569832402235
3.8419136303663857,1.1004918314366876,244.4633152173913,97.78532608695653,97.78532608695653
3.8747504990019954,1.1098954016324263,244.56914893617022,97.82765957446809,97.82765957446809
3.9075873676376056,1.1192989120277927,244.5648148148148,97.82592592592593,97.82592592592593
3.940424236273216,1.1287023621167744,244.7154255319149,97.88617021276596,97.88617021276596
3.973261104908826,1.1381057513933788,244.68478260869566,97.87391304347827,97.87391304347827
4.006097973544436,1.1475090793516316,244.62046632124353,97.84818652849741,97.84818652849741
4.038934842180046,1.15691234548558,244.63956310679612,97.85582524271844,97.85582524271844
4.071771710815656,1.16631554928929,244.65159574468086,97.86063829787236,97.86063829787236
4.104608579451266,1.1757186902568482,244.51237623762376,97.8049504950495,97.8049504950495
4.1374454480868765,1.1851217678823613,244.45767195767195,97.78306878306879,97.78306878306879
4.170282316722487,1.194524781659957,244.4375,97.775,97.775
4.203119185358097,1.2039277310837826,244.4878640776699,97.79514563106797,97.79514563106797
4.235956053993707,1.213330615648007,244.26903553299493,97.70761421319797,97.70761421319797
4.268792922629317,1.22273343484682,244.0595238095238,97.62380952380953,97.62380952380953
4.3016297912649275,1.2321361881744324,244.03960396039605,97.61584158415843,97.61584158415843
4.334466659900538,1.241538875125076,243.78587962962962,97.51435185185184,97.51435185185184
4.367303528536148,1.2509414951930042,243.8021327014218,97.52085308056873,97.52085308056873
4.400140397171758,1.260344047872493,243.5825,97.433,97.433
4.432977265807368,1.2697465326578379,243.8943181818182,97.55772727272728,97.55772727272728
4.465814134442978,1.2791489490433583,244.2417840375587,97.69671361502348,97.69671361502348
4.498651003078588,1.2885512965233956,244.32798165137615,97.73119266055046,97.73119266055046
4.531487871714198,1.2979535745923123,244.19097222222223,97.6763888888889,97.6763888888889
4.564324740349808,1.307355782744494,244.54107981220656,97.81643192488264,97.81643192488264
4.597161608985418,1.3167579204743491,244.4517543859649,97.78070175438596,97.78070175438596
4.629998477621029,1.3261599872763083,244.59518348623854,97.83807339449541,97.83807339449541
4.662835346256639,1.3355619826448253,244.63616071428572,97.8544642857143,97.8544642857143
4.695672214892249,1.3449639060743777,244.4911111111111,97.79644444444445,97.79644444444445
4.728509083527859,1.3543657570594643,244.3421052631579,97.73684210526315,97.73684210526315
4.761345952163469,1.3637675350946095,244.38782051282053,97.7551282051282,97.7551282051282
4.7941828207990795,1.3731692396743602,244.40859030837004,97.76343612334801,97.76343612334801
4.82701968943469,1.382570870293287,244.4451754385965,97.7780701754386,97.7780701754386
4.8598565580703,1.3919724264459845,244.3172268907563,97.72689075630252,97.72689075630252
4.89269342670591,1.401373907627072,244.25,97.7,97.7
4.925530295341519,1.4107753133311913,244.14345991561183,97.65738396624472,97.65738396624472
4.95836716397713,1.4201766430530107,244.2108695652174,97.68434782608696,97.68434782608696
4.99120403261274,1.4295778962872216,244.1905737704918,97.67622950819673,97.67622950819673
5.02404090124835,1.4389790725285405,244.09071729957805,97.63628691983122,97.63628691983122
5.05687776988396,1.4483801712717088,243.982,97.5928,97.5928
5.08971463851957,1.4577811920114931,243.92708333333334,97.57083333333334,97.57083333333334
5.122551507155181,1.4671821342426845,243.9047131147541,97.56188524590164,97.56188524590164
5.155388375790791,1.4765829974601001,243.84019607843138,97.53607843137256,97.53607843137256
5.188225244426401,1.4859837811585828,243.5625,97.425,97.425
5.221062113062011,1.495384484833,243.446,97.3784,97.3784
5.253898981697621,1.5047851079782462,243.59661354581672,97.43864541832669,97.43864541832669
5.286735850333232,1.514185650089241,243.7376893939394,97.49507575757576,97.49507575757576
5.319572718968842,1.5235861106609303,243.47265625,97.3890625,97.3890625
5.352409587604452,1.5329864891882872,243.4628514056225,97.38514056224899,97.38514056224899
5.385246456240061,1.5423867851663096,243.53269230769232,97.41307692307693,97.41307692307693
5.4180833248756715,1.5517869980900236,243.4951550387597,97.39806201550387,97.39806201550387
5.450920193511282,1.561187127454482,243.28796296296295,97.31518518518519,97.31518518518519
5.483757062146892,1.5705871727547636,243.24805447470817,97.29922178988328,97.29922178988328
5.516593930782502,1.5799871334859745,243.2802734375,97.312109375,97.312109375
5.549430799418112,1.5893870091432492,243.1560218978102,97.26240875912409,97.26240875912409
5.582267668053722,1.5987867992217486,243.06877323420073,97.2275092936803,97.2275092936803
5.615104536689333,1.6081865032166611,242.98055555555555,97.19222222222223,97.19222222222223
5.647941405324943,1.6175861206232038,242.67763157894737,97.07105263157895,97.07105263157895
5.680778273960553,1.6269856509366212,242.53507194244605,97.01402877697842,97.01402877697842
5.713615142596163,1.6363850936521858,242.62906137184115,97.05162454873646,97.05162454873646
5.746452011231773,1.6457844482651987,242.625,97.05,97.05
5.779288879867384,1.6551837142709889,242.6115107913669,97.04460431654675,97.04460431654675
5.812125748502994,1.6645828911649145,242.5590405904059,97.02361623616237,97.02361623616237
5.844962617138603,1.6739819784423622,242.38888888888889,96.95555555555555,96.95555555555555
5.877799485774213,1.6833809755987479,242.37764084507043,96.95105633802818,96.95105633802818
5.9106363544098235,1.6927798821295157,242.3474729241877,96.93898916967508,96.93898916967508
5.943473223045434,1.7021786975301403,242.27797202797203,96.91118881118881,96.91118881118881
5.976310091681044,1.7115774212961241,241.99828767123287,96.79931506849316,96.79931506849316
6.009146960316654,1.7209760529230007,242.04931972789115,96.81972789115646,96.81972789115646
6.041983828952264,1.7303745919063325,242.16218637992833,96.86487455197134,96.86487455197134
6.0748206975878745,1.7397730377417118,242.04366438356163,96.81746575342466,96.81746575342466
6.107657566223485,1.7491713899247612,241.97416666666666,96.78966666666666,96.78966666666666
6.140494434859095,1.758569647951134,241.90529010238907,96.76211604095563,96.76211604095563
6.173331303494705,1.7679678113165127,241.86824324324326,96.74729729729731,96.74729729729731
6.206168172130315,1.777365879516611,241.87157534246575,96.7486301369863,96.7486301369863
6.239005040765925,1.7867638520471738,241.81291946308724,96.7251677852349,96.7251677852349
6.271841909401536,1.7961617284039757,241.76954397394138,96.70781758957655,96.70781758957655
6.304678778037145,1.805559508082823,241.71938775510205,96.68775510204082,96.68775510204082
6.337515646672755,1.8149571905795534,241.70432692307693,96.68173076923078,96.68173076923078
6.370352515308365,1.8243547753900362,241.65551839464882,96.66220735785953,96.66220735785953
6.4031893839439755,1.8337522620101703,241.55528846153845,96.62211538461538,96.62211538461538
6.436026252579586,1.8431496499358884,241.50480769230768,96.60192307692307,96.60192307692307
6.468863121215196,1.8525469386631548,241.50980392156862,96.60392156862744,96.60392156862744
6.501699989850806,1.8619441276879645,241.484126984127,96.5936507936508,96.5936507936508
6.534536858486416,1.871341216506345,241.40503246753246,96.56201298701299,96.56201298701299
6.5673737271220265,1.8807382046143577,241.42206790123456,96.56882716049383,96.56882716049383
6.600210595757637,1.890135091508095,241.2621359223301,96.50485436893203,96.50485436893203
6.633047464393247,1.899531876683681,241.19112903225806,96.47645161290322,96.47645161290322
6.665884333028857,1.9089285596372754,241.09262048192772,96.43704819277109,96.43704819277109
6.698721201664467,1.9183251398650687,241.01813880126184,96.40725552050473,96.40725552050473
6.7315580703000775,1.9277216168632847,240.81969696969696,96.32787878787879,96.32787878787879
6.764394938935688,1.9371179901281812,240.8117088607595,96.3246835443038,96.3246835443038
6.797231807571297,1.9465142591560487,240.7745398773006,96.30981595092024,96.30981595092024
6.830068676206907,1.9559104234432125,240.7273413897281,96.29093655589125,96.29093655589125
6.862905544842517,1.9653064824860307,240.71012269938652,96.28404907975461,96.28404907975461
6.8957424134781276,1.9747024357808944,240.57926829268294,96.23170731707317,96.23170731707317
6.928579282113738,1.984098282824232,240.57492581602375,96.2299703264095,96.2299703264095
6.961416150749348,1.993494023112502,240.5194610778443,96.20778443113772,96.20778443113772
6.994253019384958,2.0028896561422003,240.53125,96.2125,96.2125
7.027089888020568,2.012285181409857,240.43675595238096,96.17470238095238,96.17470238095238
7.0599267566561785,2.021680598412035,240.3595166163142,96.14380664652569,96.14380664652569
7.092763625291789,2.031075906645334,240.20375722543352,96.08150289017341,96.08150289017341
7.125600493927399,2.0404711056063882,239.98328488372093,95.99331395348837,95.99331395348837
7.158437362563009,2.0498661947918677,239.8495575221239,95.93982300884956,95.93982300884956
7.191274231198619,2.0592611736984763,239.82803468208093,95.93121387283236,95.93121387283236
7.2241110998342295,2.0686560418229547,239.70014450867052,95.8800578034682,95.8800578034682
7.256947968469839,2.078050798662079,239.69985673352434,95.87994269340973,95.87994269340973
7.289784837105449,2.087445443712661,239.6060393258427,95.84241573033707,95.84241573033707
7.322621705741059,2.0968399764715486,239.625,95.85000000000001,95.85000000000001
7.355458574376669,2.106234396435626,239.6187150837989,95.84748603351956,95.84748603351956
7.38829544301228,2.1156287031018133,239.62392550143267,95.84957020057307,95.84957020057307
7.42113231164789,2.1250228959670676,239.5238764044944,95.80955056179775,95.80955056179775
7.4539691802835,2.1344169745283827,239.43997175141243,95.77598870056498,95.77598870056498
7.48680604891911,2.143810938282789,239.39600550964187,95.75840220385675,95.75840220385675
7.51964291755472,2.153204786727353,239.2961229946524,95.71844919786095,95.71844919786095
7.552479786190331,2.1625985193591806,239.36642857142857,95.74657142857143,95.74657142857143
7.585316654825941,2.1719921356754126,239.2451388888889,95.69805555555556,95.69805555555556
7.618153523461551,2.181385635173229,239.27823691460054,95.71129476584022,95.71129476584022
7.650990392097161,2.1907790173498456,239.21603260869566,95.68641304347825,95.68641304347825
7.683827260732771,2.2001722817025184,239.109126984127,95.64365079365079,95.64365079365079
7.716664129368381,2.209565427728539,239.1308864265928,95.65235457063712,95.65235457063712
7.749500998003991,2.218958454925239,239.05405405405406,95.62162162162163,95.62162162162163
7.782337866639601,2.228351362789987,238.9828947368421,95.59315789473683,95.59315789473683
7.815174735275211,2.2377441508201903,238.94490358126723,95.57796143250688,95.57796143250688
7.848011603910821,2.247136818513296,238.83203125,95.53281249999999,95.53281249999999
7.880848472546432,2.2565293653667875,238.85177595628414,95.54071038251367,95.54071038251367
7.913685341182042,2.2659217908781897,238.79719387755102,95.51887755102041,95.51887755102041
7.946522209817652,2.275314094545064,238.83785529715763,95.53514211886305,95.53514211886305
7.979359078453262,2.2847062758650134,238.8260582010582,95.53042328042328,95.53042328042328
8.012195947088872,2.2940983343356787,238.80670103092783,95.52268041237113,95.52268041237113
8.045032815724483,2.3034902694547426,238.74865951742626,95.49946380697051,95.49946380697051
8.077869684360092,2.3128820807199233,238.67883663366337,95.47153465346535,95.47153465346535
8.110706552995703,2.322273767628982,238.56865284974094,95.42746113989638,95.42746113989638
8.143543421631312,2.33166532967972,238.5824607329843,95.43298429319371,95.43298429319371
8.176380290266923,2.341056766369978,238.65153452685422,95.46061381074169,95.46061381074169
8.209217158902533,2.3504480771976364,238.57345360824743,95.42938144329898,95.42938144329898
8.242054027538144,2.359839261660618,238.5325,95.413,95.413
8.274890896173753,2.369230319256883,238.5012658227848,95.40050632911392,95.40050632911392
8.307727764809364,2.3786212494844365,238.35489949748742,95.34195979899496,95.34195979899496
8.340564633444973,2.3880120518413213,238.32982673267327,95.33193069306931,95.33193069306931
8.373401502080585,2.397402725825624,238.3454433497537,95.33817733990149,95.33817733990149
8.406238370716194,2.4067932709354696,238.26629072681703,95.30651629072682,95.30651629072682
8.439075239351803,2.4161836866690263,238.26695979899498,95.30678391959799,95.30678391959799
8.471912107987414,2.425573972524505,238.21799516908212,95.28719806763284,95.28719806763284
8.504748976623024,2.434964128000156,238.24753086419753,95.29901234567902,95.29901234567902
8.537585845258635,2.444354152594274,238.18658536585366,95.27463414634147,95.27463414634147
8.570422713894244,2.4537440458051925,238.10853658536584,95.24341463414633,95.24341463414633
8.603259582529855,2.4631338071312916,238.04318734793188,95.21727493917275,95.21727493917275
8.636096451165464,2.4725234360709893,237.92149758454107,95.16859903381642,95.16859903381642
8.668933319801075,2.4819129321227495,237.9658536585366,95.18634146341464,95.18634146341464
8.701770188436685,2.4913022947850774,237.83098591549296,95.13239436619718,95.13239436619718
8.734607057072296,2.500691523556522,237.7829736211031,95.11318944844125,95.11318944844125
8.767443925707905,2.5100806179356736,237.81370192307693,95.12548076923078,95.12548076923078
8.800280794343516,2.519469577421169,237.7698598130841,95.10794392523364,95.10794392523364
8.833117662979125,2.5288584015116844,237.6700477326969,95.06801909307876,95.06801909307876
8.865954531614737,2.5382470897059415,237.6877962085308,95.07511848341233,95.07511848341233
8.898791400250346,2.5476356415027066,237.75694444444446,95.10277777777777,95.10277777777777
8.931628268885955,2.5570240564007882,237.69675925925927,95.07870370370371,95.07870370370371
8.964465137521566,2.5664123338990406,237.6387587822014,95.05550351288056,95.05550351288056
8.997302006157176,2.57580047349636,237.55627962085308,95.02251184834122,95.02251184834122
9.030138874792787,2.5851884746916887,237.5412895927602,95.01651583710408,95.01651583710408
9.062975743428396,2.594576336984013,237.53132250580046,95.01252900232019,95.01252900232019
9.095812612064007,2.6039640598723635,237.4568181818182,94.98272727272727,94.98272727272727
9.128649480699616,2.613351642855816,237.52246543778801,95.00898617511521,95.00898617511521
9.161486349335227,2.6227390854334924,237.4691075514874,94.98764302059497,94.98764302059497
9.194323217970837,2.6321263871045564,237.46412556053812,94.98565022421525,94.98565022421525
9.227160086606448,2.6415135473682203,237.40883027522935,94.96353211009175,94.96353211009175
9.259996955242057,2.6509005657237408,237.42173423423424,94.9686936936937,94.9686936936937
9.292833823877668,2.6602874416704196,237.2635440180587,94.90541760722347,94.90541760722347
9.325670692513278,2.669674174707605,237.2522026431718,94.90088105726872,94.90088105726872
9.358507561148887,2.679060764334691,237.2111111111111,94.88444444444444,94.88444444444444
9.391344429784498,2.6884472100511183,237.2925170068027,94.91700680272108,94.91700680272108
9.424181298420107,2.6978335113563716,237.41079295154185,94.96431718061675,94.96431718061675
9.457018167055718,2.707219667749984,237.41869469026548,94.96747787610619,94.96747787610619
9.489855035691328,2.7166056787315354,237.42740174672488,94.97096069868995,94.97096069868995
9.522691904326939,2.7259915438006512,237.35698924731182,94.94279569892473,94.94279569892473
9.555528772962548,2.7353772624570043,237.30251141552512,94.92100456621004,94.92100456621004
9.588365641598159,2.7447628342003147,237.21165966386553,94.88466386554622,94.88466386554622
9.621202510233768,2.754148258530349,237.2761437908497,94.91045751633987,94.91045751633987
9.65403937886938,2.7635335349469226,237.22402597402598,94.8896103896104,94.8896103896104
9.686876247504989,2.772918662949896,237.0733695652174,94.82934782608696,94.82934782608696
9.7197131161406,2.78230364203918,236.89671610169492,94.75868644067796,94.75868644067796
9.75254998477621,2.7916884717147314,236.74735729386893,94.69894291754757,94.69894291754757
9.78538685341182,2.8010731514765563,236.84224890829694,94.73689956331877,94.73689956331877
9.81822372204743,2.8104576808247073,236.84188034188034,94.73675213675213,94.73675213675213
9.851060590683039,2.8198420592592863,236.77813163481954,94.71125265392782,94.71125265392782
9.88389745931865,2.829226286280445,236.89247881355934,94.75699152542374,94.75699152542374
9.91673432795426,2.838610361388381,236.90625,94.7625,94.7625
9.94957119658987,2.847994284083343,236.99036402569592,94.79614561027837,94.79614561027837
9.98240806522548,2.857378053865627,236.92932489451476,94.7717299578059,94.7717299578059
10.01524493386109,2.8667616702355794,236.9158163265306,94.76632653061225,94.76632653061225
10.0480818024967,2.876145132693594,236.88713080168776,94.75485232067511,94.75485232067511
10.080918671132311,2.885528440740117,236.91030927835052,94.7641237113402,94.7641237113402
10.11375553976792,2.894911593875641,236.96835443037975,94.7873417721519,94.7873417721519
10.146592408403531,2.9042945916007112,236.9145256916996,94.76581027667984,94.76581027667984
10.17942927703914,2.913677433415919,236.92203742203742,94.76881496881497,94.76881496881497
10.212266145674752,2.9230601188219105,236.82602040816326,94.7304081632653,94.7304081632653
10.245103014310361,2.932442647319378,236.90650826446281,94.76260330578513,94.76260330578513
10.27793988294597,2.9418250184090664,236.77134146341464,94.70853658536585,94.70853658536585
10.310776751581582,2.9512072315917712,236.73323471400394,94.69329388560158,94.69329388560158
10.34361362021719,2.9605892863683363,236.90536437246965,94.76214574898786,94.76214574898786
10.376450488852802,2.96997118223966,236.9867886178862,94.79471544715447,94.79471544715447
10.409287357488411,2.979352918706687,236.92685370741484,94.77074148296593,94.77074148296593
10.442124226124022,2.988734495270418,236.71478174603175,94.6859126984127,94.6859126984127
10.474961094759632,2.998115911431901,236.68423694779116,94.67369477911647,94.67369477911647
10.507797963395243,3.007497166692239,236.7188128772636,94.68752515090544,94.68752515090544
10.540634832030852,3.0168782605525832,236.89236111111111,94.75694444444444,94.75694444444444
10.573471700666463,3.026259192514139,236.90710116731518,94.76284046692606,94.76284046692606
10.606308569302072,3.0356399620781627,237.02107843137256,94.80843137254902,94.80843137254902
10.639145437937684,3.045020568745963,237.01402805611224,94.8056112224449,94.8056112224449
10.671982306573293,3.054401012018901,236.99467054263565,94.79786821705426,94.79786821705426
10.704819175208904,3.06378129139839,237.02616279069767,94.81046511627906,94.81046511627906
10.737656043844513,3.0731614063858954,237.05758157389636,94.82303262955854,94.82303262955854
10.770492912480123,3.082541356482936,237.02644230769232,94.81057692307692,94.81057692307692
10.803329781115734,3.0919211411910834,237.04232283464566,94.81692913385827,94.81692913385827
10.836166649751343,3.1013007600119615,237.0124521072797,94.80498084291187,94.80498084291187
10.869003518386954,3.1106802124472495,237.0214424951267,94.80857699805068,94.80857699805068
10.901840387022563,3.120059497998677,237.0218023255814,94.80872093023255,94.80872093023255
10.934677255658174,3.129438616168029,236.88611111111112,94.75444444444446,94.75444444444446
10.967514124293784,3.1388175664571434,236.95327552986512,94.78131021194605,94.78131021194605
11.000350992929395,3.1481963483679127,236.9514150943396,94.78056603773585,94.78056603773585
11.033187861565004,3.157574961402283,236.96408045977012,94.78563218390804,94.78563218390804
11.066024730200615,3.1669534050622543,236.91650579150578,94.76660231660232,94.76660231660232
11.098861598836224,3.17633167884988,236.72686025408348,94.6907441016334,94.6907441016334
11.131698467471836,3.185709782267271,236.69245283018867,94.67698113207547,94.67698113207547
11.164535336107445,3.195087714816589,236.77481617647058,94.70992647058823,94.70992647058823
11.197372204743056,3.2044654760000535,236.84322033898306,94.73728813559322,94.73728813559322
11.230209073378665,3.2138430653199364,236.77698863636363,94.71079545454545,94.71079545454545
11.263045942014275,3.223220482278567,236.79856115107913,94.71942446043165,94.71942446043165
11.295882810649886,3.2325977263783288,236.76992409867174,94.70796963946869,94.70796963946869
11.328719679285495,3.2419747971216597,236.778880866426,94.7115523465704,94.7115523465704
11.361556547921106,3.251351694011055,236.86059479553904,94.74423791821562,94.74423791821562
11.394393416556715,3.260728416549064,236.8042883211679,94.72171532846716,94.72171532846716
11.427230285192326,3.2701049642382936,236.6711009174312,94.66844036697249,94.66844036697249
11.460067153827936,3.279481336581405,236.67797397769516,94.67118959107806,94.67118959107806
11.492904022463547,3.288857533081117,236.7126798561151,94.68507194244604,94.68507194244604
11.525740891099156,3.298233553240203,236.72082585278275,94.6883303411131,94.6883303411131
11.558577759734767,3.307609396561496,236.67041366906474,94.6681654676259,94.6681654676259
11.591414628370377,3.316985062547881,236.64247311827958,94.65698924731183,94.65698924731183
11.624251497005988,3.326360550702304,236.60531135531136,94.64212454212453,94.64212454212453
11.657088365641597,3.3357358605277656,236.51933216168717,94.60773286467486,94.60773286467486
11.689925234277206,3.3451109915273243,236.61272727272728,94.64509090909091,94.64509090909091
11.722762102912817,3.3544859432040974,236.56271777003485,94.62508710801394,94.62508710801394
11.755598971548427,3.363860715061255,236.47800718132854,94.59120287253141,94.59120287253141
11.788435840184038,3.37323530660203,236.51888489208633,94.60755395683454,94.60755395683454
11.821272708819647,3.3826097173297103,236.4615051903114,94.58460207612457,94.58460207612457
11.854109577455258,3.391983946747642,236.3693895870736,94.54775583482945,94.54775583482945
11.886946446090867,3.4013579943592296,236.22309027777777,94.48923611111111,94.48923611111111
11.919783314726478,3.4107318596679352,236.23482142857142,94.49392857142857,94.49392857142857
11.952620183362088,3.4201055421772795,236.32277397260273,94.5291095890411,94.5291095890411
11.985457051997699,3.4294790413908434,236.2344020797227,94.49376083188909,94.49376083188909
12.018293920633308,3.4388523568122626,236.09244791666666,94.43697916666667,94.43697916666667
12.05113078926892,3.4482254879452365,236.1027097902098,94.44108391608391,94.44108391608391
12.083967657904529,3.457598434293519,236.2206390328152,94.48825561312609,94.48825561312609
12.11680452654014,3.4669711953609252,236.18707482993196,94.47482993197278,94.47482993197278
12.149641395175749,3.47634377065133,236.14698275862068,94.45879310344827,94.45879310344827
12.182478263811358,3.4857161596686668,236.09904844290656,94.43961937716263,94.43961937716263
12.21531513244697,3.495088361916929,236.0017152658662,94.40068610634648,94.40068610634648
12.248152001082579,3.504460376900169,235.97184300341297,94.38873720136519,94.38873720136519
12.28098886971819,3.513832204122501,235.98791666666668,94.39516666666667,94.39516666666667
12.313825738353799,3.5232038430880963,236.0343053173242,94.41372212692968,94.41372212692968
12.34666260698941,3.5325752933011896,235.97397610921502,94.38959044368602,94.38959044368602
12.37949947562502,3.5419465542660733,235.90416666666667,94.36166666666666,94.36166666666666
12.41233634426063,3.5513176254871017,235.98471986417658,94.39388794567063,94.39388794567063
12.44517321289624,3.5606885064686904,235.875,94.35,94.35
12.47801008153185,3.5700591967153144,235.78852739726028,94.31541095890411,94.31541095890411
12.51084695016746,3.579429695731509,235.65819672131147,94.2632786885246,94.2632786885246
12.543683818803071,3.588800003021875,235.6677685950413,94.26710743801652,94.26710743801652
12.57652068743868,3.5981701180910677,235.60875,94.2435,94.2435
12.60935755607429,3.60754004044381,235.5794701986755,94.2317880794702,94.2317880794702
12.642194424709901,3.616909769584883,235.53192371475953,94.21276948590382,94.21276948590382
12.67503129334551,3.62627930501913,235.50933441558442,94.20373376623377,94.20373376623377
12.707868161981121,3.635648646251459,235.37541666666667,94.15016666666666,94.15016666666666
12.74070503061673,3.645017792786836,235.4170751633987,94.16683006535948,94.16683006535948
12.773541899252342,3.654386744130291,235.44634146341463,94.17853658536585,94.17853658536585
12.806378767887951,3.663755499786917,235.38199013157896,94.15279605263159,94.15279605263159
12.839215636523562,3.673124059261868,235.24477491961414,94.09790996784567,94.09790996784567
12.872052505159171,3.6824924220603616,235.26487603305785,94.10595041322314,94.10595041322314
12.904889373794783,3.6918605876876804,235.14067524115757,94.05627009646302,94.05627009646302
12.937726242430392,3.7012285556491653,235.05261075949366,94.02104430379747,94.02104430379747
12.970563111066003,3.710596325450224,235.01762295081969,94.00704918032787,94.00704918032787
13.003399979701612,3.719963896596327,235.03389154704945,94.01355661881978,94.01355661881978
13.036236848337223,3.7293312685930062,234.92581967213115,93.97032786885246,93.97032786885246
13.069073716972833,3.7386984409458583,234.81599378881987,93.92639751552795,93.92639751552795
13.101910585608442,3.7480654131605466,234.8204,93.92816,93.92816
13.134747454244053,3.7574321847427927,234.79807692307693,93.91923076923078,93.91923076923078
13.167584322879662,3.7667987551983884,234.7828125,93.913125,93.913125
13.200421191515273,3.776165124033184,234.8290529695024,93.93162118780096,93.93162118780096
13.233258060150883,3.7855312907530974,234.77570093457945,93.91028037383178,93.91028037383178
13.266094928786494,3.794897254864111,234.71138535031847,93.88455414012739,93.88455414012739
13.298931797422103,3.804263015872271,234.60878164556962,93.84351265822785,93.84351265822785
13.331768666057714,3.813628573283689,234.54224270353302,93.8168970814132,93.8168970814132
13.364605534693323,3.822993926604542,234.45753968253968,93.78301587301587,93.78301587301587
13.397442403328935,3.8323590753410692,234.26076923076923,93.70430769230768,93.70430769230768
13.430279271964544,3.841724018999579,234.09667194928684,93.63866877971473,93.63866877971473
13.463116140600155,3.8510887570864445,234.23684210526315,93.69473684210526,93.69473684210526
13.495953009235764,3.860453289108102,234.26452599388378,93.7058103975535,93.7058103975535
13.528789877871375,3.869817614571056,234.2376160990712,93.69504643962848,93.69504643962848
13.561626746506985,3.8791817329818756,234.22372488408038,93.68948995363215,93.68948995363215
13.594463615142594,3.888545643847196,234.17917956656348,93.67167182662538,93.67167182662538
13.627300483778205,3.89790934667372,234.06380597014925,93.62552238805971,93.62552238805971
13.660137352413814,3.907272840968215,234.01313755795982,93.60525502318393,93.60525502318393
13.692974221049425,3.9166361262375164,234.14307692307693,93.65723076923076,93.65723076923076
13.725811089685035,3.925999201988525,234.06751543209876,93.6270061728395,93.6270061728395
13.758647958320646,3.935362067728209,234.1027653213752,93.64110612855008,93.64110612855008
13.791484826956255,3.944724722963603,233.99472891566265,93.59789156626506,93.59789156626506
13.824321695591866,3.954087167201812,234.04116314199396,93.61646525679758,93.61646525679758
13.857158564227475,3.963449399950002,234.01010479041915,93.60404191616766,93.60404191616766
13.889995432863087,3.9728114207154124,233.84304084720122,93.5372163388805,93.5372163388805
13.922832301498696,3.9821732290053466,233.80913173652695,93.52365269461077,93.52365269461077
13.955669170134307,3.991534824327178,233.8076636904762,93.52306547619048,93.52306547619048
13.988506038769916,4.0008962061883455,233.78469079939669,93.51387631975867,93.51387631975867
14.021342907405526,4.010257374096359,233.76585545722713,93.50634218289086,93.50634218289086
14.054179776041137,4.019618327558795,233.85979228486647,93.54391691394659,93.54391691394659
14.087016644676746,4.028979066083296,233.87462686567164,93.54985074626866,93.54985074626866
14.119853513312357,4.038339589177578,233.74473684210525,93.4978947368421,93.4978947368421
14.152690381947966,4.047699896349422,233.6858208955224,93.47432835820896,93.47432835820896
14.185527250583577,4.05705998710668,233.59821428571428,93.43928571428572,93.43928571428572
14.218364119219187,4.06641986095727,233.6625925925926,93.46503703703705,93.46503703703705
14.251200987854798,4.075779517409181,233.58840579710144,93.43536231884057,93.43536231884057
14.284037856490407,4.085138955970473,233.4873887240356,93.39495548961423,93.39495548961423
14.316874725126018,4.094498176149274,233.51133040935673,93.40453216374269,93.40453216374269
14.349711593761628,4.103857177453777,233.50107913669063,93.40043165467625,93.40043165467625
14.382548462397239,4.113215959392252,233.52879008746356,93.41151603498542,93.41151603498542
14.415385331032848,4.1225745214730365,233.48,93.392,93.392
14.448222199668459,4.131932863204536,233.39477503628447,93.35791001451379,93.35791001451379
14.481059068304068,4.141290984095228,233.36199421965318,93.34479768786127,93.34479768786127
14.513895936939678,4.150648883653659,233.27456647398844,93.30982658959537,93.30982658959537
14.546732805575289,4.160006561388447,233.28964757709252,93.31585903083702,93.31585903083702
14.579569674210898,4.169364016808283,233.24511173184356,93.29804469273742,93.29804469273742
14.612406542846509,4.178721249421922,233.215158045977,93.28606321839081,93.28606321839081
14.645243411482118,4.188078258738195,233.1444759206799,93.25779036827196,93.25779036827196
14.67808028011773,4.197435044266007,233.14015691868758,93.25606276747503,93.25606276747503
14.710917148753339,4.206791605514327,233.1865835777126,93.27463343108504,93.27463343108504
14.74375401738895,4.216147941992199,233.10640495867767,93.24256198347108,93.24256198347108
14.77659088602456,4.22550405320874,233.1297335203366,93.25189340813465,93.25189340813465
14.80942775466017,4.234859938673135,233.10182584269663,93.24073033707865,93.24073033707865
14.84226462329578,4.2442155978946445,233.06232294617564,93.22492917847026,93.22492917847026
14.87510149193139,4.2535710303826,233.11687853107344,93.24675141242938,93.24675141242938
14.907938360567,4.262926235646402,233.07997218358832,93.23198887343534,93.23198887343534
14.940775229202611,4.2722812131955274,233.0379971590909,93.21519886363636,93.21519886363636
14.97361209783822,4.281635962539525,232.9000686813187,93.16002747252747,93.16002747252747
15.00644896647383,4.290990483188013,232.81915629322268,93.12766251728907,93.12766251728907
15.03928583510944,4.300344774650687,232.8074512534819,93.12298050139276,93.12298050139276
15.07212270374505,4.309698836437311,232.64404432132963,93.05761772853185,93.05761772853185
15.104959572380661,4.319052668057725,232.42489421720734,92.96995768688294,92.96995768688294
15.13779644101627,4.3284062690218414,232.40463215258856,92.96185286103542,92.96185286103542
15.170633309651882,4.337759638839645,232.38194444444446,92.95277777777778,92.95277777777778
15.20347017828749,4.347112777021195,232.38960597826087,92.95584239130436,92.95584239130436
15.236307046923102,4.3564656830766255,232.3707133058985,92.9482853223594,92.9482853223594
15.269143915558711,4.365818356516142,232.3705479452055,92.9482191780822,92.9482191780822
15.301980784194322,4.375170796850025,232.25842318059298,92.90336927223719,92.90336927223719
15.334817652829932,4.38452300358863,232.1851595006935,92.8740638002774,92.8740638002774
15.367654521465543,4.393874976242383,232.26863143631437,92.90745257452575,92.90745257452575
15.400491390101152,4.40322671432179,232.2330623306233,92.89322493224932,92.89322493224932
15.433328258736761,4.412578217337429,232.2858579088472,92.91434316353889,92.91434316353889
15.466165127372372,4.421929484799952,232.13526244952894,92.85410497981158,92.85410497981158
15.499001996007982,4.4312805162200855,231.98838797814207,92.79535519125683,92.79535519125683
15.531838864643593,4.440631311108632,231.99121621621623,92.7964864864865,92.7964864864865
15.564675733279202,4.44998186897647,231.96986754966886,92.78794701986754,92.78794701986754
15.597512601914813,4.459332189334551,231.98275862068965,92.79310344827586,92.79310344827586
15.630349470550422,4.468682271693905,231.97188346883468,92.78875338753387,92.78875338753387
15.663186339186034,4.478032115565633,231.87483039348712,92.74993215739484,92.74993215739484
15.696023207821643,4.4873817204609185,231.86912532637075,92.7476501305483,92.7476501305483
15.728860076457254,4.496731085891014,231.7817513368984,92.71270053475936,92.71270053475936
15.761696945092863,4.506080211367252,231.69736842105263,92.67894736842105,92.67894736842105
15.794533813728474,4.515429096401039,231.6613545816733,92.66454183266933,92.66454183266933
15.827370682364084,4.524777740503861,231.58376963350784,92.63350785340315,92.63350785340315
15.860207550999695,4.534126143187278,231.6079842931937,92.64319371727748,92.64319371727748
15.893044419635304,4.5434743039629275,231.6553691275168,92.66214765100672,92.66214765100672
15.925881288270913,4.552822222342521,231.71285529715763,92.68514211886306,92.68514211886306
15.958718156906524,4.562169897837852,231.64812332439678,92.65924932975871,92.65924932975871
15.991555025542134,4.571517329960789,231.71559343434345,92.68623737373738,92.68623737373738
16.024391894177743,4.580864518223275,231.71927554980596,92.68771021992238,92.68771021992238
16.057228762813356,4.5902114621373356,231.74867021276594,92.69946808510637,92.69946808510637
16.090065631448965,4.599558161215068,231.7890625,92.715625,92.715625
16.122902500084574,4.60890461496865,231.60136897001303,92.6405475880052,92.6405475880052
16.155739368720184,4.61825082291034,231.6111825192802,92.64447300771208,92.64447300771208
16.188576237355797,4.627596784552471,231.57628205128205,92.63051282051282,92.63051282051282
16.221413105991406,4.636942499407452,231.5855091383812,92.6342036553525,92.6342036553525
16.254249974627015,4.646287966987776,231.50627352572147,92.60250941028859,92.60250941028859
16.287086843262625,4.65563318680601,231.46891361256544,92.58756544502617,92.58756544502617
16.319923711898237,4.664978158374803,231.56218434343435,92.62487373737373,92.62487373737373
16.352760580533847,4.674322881206878,231.55905006418485,92.62362002567393,92.62362002567393
16.385597449169456,4.683667354815042,231.47122762148337,92.58849104859334,92.58849104859334
16.418434317805065,4.693011578712177,231.57097989949747,92.62839195979899,92.62839195979899
16.451271186440675,4.702355552411248,231.54754204398446,92.61901681759379,92.61901681759379
16.484108055076288,4.711699275425296,231.51772151898734,92.60708860759493,92.60708860759493
16.516944923711897,4.721042747267441,231.44789002557545,92.57915601023018,92.57915601023018
16.549781792347506,4.7303859674508875,231.5040523690773,92.60162094763092,92.60162094763092
16.582618660983115,4.739728935488914,231.41573033707866,92.56629213483146,92.56629213483146
16.61545552961873,4.749071650894884,231.4376582278481,92.57506329113923,92.57506329113923
16.648292398254338,4.758414113182235,231.48700495049505,92.59480198019801,92.59480198019801
16.681129266889947,4.76775632186449,231.52616645649434,92.61046658259774,92.61046658259774
16.713966135525556,4.77709827645525,231.50407268170426,92.6016290726817,92.6016290726817
16.74680300416117,4.7864399764682,231.31909547738692,92.52763819095476,92.52763819095476
16.77963987279678,4.795781421417098,231.31652227722773,92.5266089108911,92.5266089108911
16.812476741432388,4.80512261081579,231.3674846625767,92.54699386503067,92.54699386503067
16.845313610067997,4.8144635441782,231.39214463840398,92.5568578553616,92.5568578553616
16.878150478703606,4.823804221018333,231.3614197530864,92.54456790123456,92.54456790123456
16.91098734733922,4.833144640850278,231.34207240948814,92.53682896379526,92.53682896379526
16.94382421597483,4.842484803188201,231.32628676470588,92.53051470588235,92.53051470588235
16.976661084610438,4.85182470754635,231.3227886977887,92.52911547911548,92.52911547911548
17.009497953246047,4.861164353439061,231.1025957972806,92.44103831891223,92.44103831891223
17.04233482188166,4.870503740380743,231.1768292682927,92.47073170731707,92.47073170731707
17.07517169051727,4.879842867885893,231.15086206896552,92.4603448275862,92.4603448275862
17.10800855915288,4.889181735469087,231.19501201923077,92.4780048076923,92.4780048076923
17.140845427788488,4.898520342644986,231.09062885326756,92.43625154130703,92.43625154130703
17.1736822964241,4.907858688928331,231.13256658595643,92.45302663438257,92.45302663438257
17.20651916505971,4.917196773833947,231.11371951219513,92.44548780487806,92.44548780487806
17.23935603369532,4.926534596876739,230.9795918367347,92.39183673469388,92.39183673469388
17.27219290233093,4.935872157571701,230.84519464720194,92.33807785888078,92.33807785888078
17.305029770966538,4.945209455433902,230.8029197080292,92.32116788321169,92.32116788321169
17.33786663960215,4.954546489978502,230.94484412470024,92.3779376498801,92.3779376498801
17.37070350823776,4.963883260720737,230.78489771359807,92.31395908543922,92.31395908543922
17.40354037687337,4.97321976717593,230.79216507177034,92.31686602870813,92.31686602870813
17.43637724550898,4.982556008859491,231.00710900473933,92.40284360189574,92.40284360189574
17.46921411414459,4.991891985286906,231.03205128205127,92.4128205128205,92.4128205128205
17.5020509827802,5.001227695973752,231.05663145539907,92.42265258215963,92.42265258215963
17.53488785141581,5.010563140435684,231.09134615384616,92.43653846153846,92.43653846153846
17.56772472005142,5.019898318188447,230.9898568019093,92.39594272076373,92.39594272076373
17.600561588687032,5.029233228747867,230.96703617269546,92.38681446907819,92.38681446907819
17.63339845732264,5.038567871629854,230.98877427184465,92.39550970873786,92.39550970873786
17.66623532595825,5.047902246350405,230.95689655172413,92.38275862068966,92.38275862068966
17.69907219459386,5.057236352425598,230.84723889555823,92.33889555822329,92.33889555822329
17.731909063229473,5.0665701893716015,230.81882352941176,92.32752941176471,92.32752941176471
17.764745931865082,5.075903756704663,230.82488066825775,92.3299522673031,92.3299522673031
17.79758280050069,5.0852370539411185,230.80775962660442,92.32310385064177,92.32310385064177
17.8304196691363,5.09457008059739,230.81597222222223,92.32638888888889,92.32638888888889
17.86325653777191,5.103902836189982,230.86078199052133,92.34431279620853,92.34431279620853
17.896093406407523,5.113235320235488,230.82909930715937,92.33163972286374,92.33163972286374
17.928930275043133,5.122567532250585,230.88264129181084,92.35305651672434,92.35305651672434
17.961767143678742,5.131899471752036,230.8489952718676,92.33959810874704,92.33959810874704
17.99460401231435,5.141231138256692,230.88358123569793,92.35343249427918,92.35343249427918
18.027440880949964,5.150562531281488,230.8569330199765,92.3427732079906,92.3427732079906
18.060277749585573,5.159893650343445,230.80051369863014,92.32020547945206,92.32020547945206
18.093114618221183,5.169224494959672,230.8709584295612,92.34838337182448,92.34838337182448
18.125951486856792,5.178555064647367,230.94509345794393,92.37803738317757,92.37803738317757
18.158788355492405,5.18788535892381,230.90153234960272,92.36061293984109,92.36061293984109
18.191625224128014,5.197215377306369,230.89465962441315,92.35786384976527,92.35786384976527
18.224462092763623,5.206545119312501,230.91936383928572,92.36774553571429,92.36774553571429
18.257298961399233,5.215874584459749,230.840830449827,92.3363321799308,92.3363321799308
18.290135830034842,5.225203772265744,230.8341894977169,92.33367579908676,92.33367579908676
18.322972698670455,5.234532682248207,230.8485632183908,92.33942528735632,92.33942528735632
18.355809567306064,5.2438613139249375,230.84098737083812,92.33639494833524,92.33639494833524
18.388646435941673,5.2531896668138325,230.77388888888888,92.30955555555556,92.30955555555556
18.421483304577283,5.262517740432874,230.75057471264367,92.30022988505748,92.30022988505748
18.454320173212896,5.271845534300131,230.71153846153845,92.28461538461538,92.28461538461538
18.487157041848505,5.28117304793376,230.81215161649945,92.32486064659979,92.32486064659979
18.519993910484114,5.29050028085201,230.9732346241458,92.38929384965832,92.38929384965832
18.552830779119724,5.299827232573213,230.9722533632287,92.38890134529149,92.38890134529149
18.585667647755336,5.309153902615794,230.88646659116648,92.35458663646659,92.35458663646659
18.618504516390946,5.318480290498265,230.91573033707866,92.36629213483147,92.36629213483147
18.651341385026555,5.327806395739224,231.01080931263857,92.40432372505542,92.40432372505542
18.684178253662164,5.3371322178573655,230.97027777777777,92.3881111111111,92.3881111111111
18.717015122297774,5.346457756371466,230.92728297632468,92.37091319052986,92.37091319052986
18.749851990933387,5.355783010800397,230.9802338530067,92.39209354120268,92.39209354120268
18.782688859568996,5.365107980663114,230.88002232142858,92.35200892857144,92.35200892857144
18.815525728204605,5.374432665478665,230.9642064372919,92.38568257491676,92.38568257491676
18.848362596840214,5.38375706476619,230.99386160714286,92.39754464285714,92.39754464285714
18.881199465475827,5.393081178044915,230.95740534521158,92.38296213808464,92.38296213808464
