Radius_mm,TwoTheta_deg,Intensity_Raw,Intensity_Normalized_Percent,Intensity_Background,Intensity_Subtracted
0.0,0.0,235.0,99.00394210225392,110.00000000000001,-10.996057897746098
0.03287742176489566,0.0094186874571596,235.25,99.10926544491588,110.00000000000001,-10.890734555084137
0.06575484352979132,0.018837374405274564,235.6875,99.29358129457434,110.00000000000001,-10.706418705425676
0.09863226529468697,0.028256060335300426,235.55,99.23565345611026,110.00000000000001,-10.764346543889758
0.13150968705958263,0.03767474473819304,235.5,99.21458878757787,110.00000000000001,-10.785411212422147
0.1643871088244783,0.047093427104908755,235.15,99.0671361078511,110.00000000000001,-10.932863892148916
0.19726453058937393,0.056512106926404605,235.47222222222223,99.20288619394876,110.00000000000001,-10.797113806051257
0.2301419523542696,0.06593078369363842,235.54166666666666,99.23214267802152,110.00000000000001,-10.767857321978497
0.26301937411916526,0.07534945689756903,235.33928571428572,99.14688092443802,110.00000000000001,-10.853119075561992
0.2958967958840609,0.08476812602915643,235.83928571428572,99.35752760976196,110.00000000000001,-10.642472390238055
0.3287742176489566,0.09418679057936191,236.22058823529412,99.51816783407413,110.00000000000001,-10.48183216592588
0.36165163941385225,0.10360545003914828,236.453125,99.61613403147662,110.00000000000001,-10.383865968523395
0.39452906117874786,0.11302410389947996,236.45,99.61481748969335,110.00000000000001,-10.385182510306663
0.42740648294364353,0.12244275165132328,236.55434782608697,99.6587785370653,110.00000000000001,-10.341221462934712
0.4602839047085392,0.13186139278564638,236.72727272727272,99.73163065155481,110.00000000000001,-10.268369348445205
0.49316132647343486,0.1412800267934197,236.90625,99.80703259005145,110.00000000000001,-10.192967409948565
0.5260387482383305,0.15069865316561595,236.83333333333334,99.77631328177506,110.00000000000001,-10.223686718224954
0.5589161700032261,0.16011727139321022,237.02586206896552,99.8574243617561,110.00000000000001,-10.142575638243912
0.5917935917681219,0.16953588096718045,236.88333333333333,99.79737795030744,110.00000000000001,-10.202622049692579
0.6246710135330175,0.17895448137850722,237.175,99.92025518341308,110.00000000000001,-10.079744816586938
0.6575484352979132,0.18837307211817403,237.17741935483872,99.92127444156786,110.00000000000001,-10.078725558432154
0.6904258570628088,0.19779165267716772,237.18055555555554,99.92259570213888,110.00000000000001,-10.077404297861136
0.7233032788277045,0.20721022254647828,237.24264705882354,99.94875444083927,110.00000000000001,-10.051245559160748
0.7561807005926001,0.21662878121709916,237.36428571428573,100.0,110.00000000000001,-10.000000000000014
0.7890581223574957,0.22604732818002754,237.30263157894737,99.97402552150892,110.00000000000001,-10.025974478491094
0.8219355441223914,0.23546586292626434,237.1845238095238,99.92426750122875,110.00000000000001,-10.07573249877126
0.8548129658872871,0.24488438494681447,236.92613636363637,99.81541058321774,110.00000000000001,-10.184589416782273
0.8876903876521828,0.25430289373268683,236.609756097561,99.68212167451638,110.00000000000001,-10.317878325483633
0.9205678094170784,0.26372138877489487,236.625,99.68854382955674,110.00000000000001,-10.311456170443279
0.9534452311819741,0.27313986956445624,236.57291666666666,99.66660146650214,110.00000000000001,-10.33339853349787
0.9863226529468697,0.28255833559239335,236.05851063829786,99.44988561692907,110.00000000000001,-10.550114383070948
1.0192000747117653,0.29197678634973334,235.8653846153846,99.36852290377612,110.00000000000001,-10.63147709622389
1.052077496476661,0.30139522132750846,236.025,99.435767807168,110.00000000000001,-10.564232192832009
1.0849549182415568,0.3108136400167558,235.98557692307693,99.41915912620976,110.00000000000001,-10.580840873790251
1.1178323400064523,0.32023204190851784,235.8815789473684,99.37534546848296,110.00000000000001,-10.624654531517052
1.150709761771348,0.32965042649384274,235.75480769230768,99.32193757913717,110.00000000000001,-10.678062420862844
1.1835871835362437,0.33906879326378386,235.54741379310346,99.23456390428962,110.00000000000001,-10.765436095710399
1.2164646053011394,0.3484871417094008,235.12719298245614,99.05752766255563,110.00000000000001,-10.942472337444386
1.249342027066035,0.35790547132175854,234.59375,98.83279167042821,110.00000000000001,-11.167208329571807
1.2822194488309306,0.36732378159192874,234.06854838709677,98.6115277126585,110.00000000000001,-11.388472287341514
1.3150968705958264,0.3767420720109889,233.61864406779662,98.4219860055115,110.00000000000001,-11.578013994488515
1.3479742923607219,0.3861603420700232,233.03308823529412,98.17529521513399,110.00000000000001,-11.824704784866029
1.3808517141256176,0.3955785912601224,232.38257575757575,97.9012386207475,110.00000000000001,-12.098761379252508
1.4137291358905133,0.40499681907238394,231.29861111111111,97.44457150117528,110.00000000000001,-12.555428498824739
1.446606557655409,0.41441502499791216,230.56884057971016,97.13712401420186,110.00000000000001,-12.862875985798155
1.4794839794203045,0.42383320852781864,230.02941176470588,96.90986623050412,110.00000000000001,-13.090133769495893
1.5123614011852002,0.4332513691532221,229.1283783783784,96.53026683811193,110.00000000000001,-13.469733161888087
1.545238822950096,0.44266950636524877,228.37671232876713,96.21359491446961,110.00000000000001,-13.786405085530404
1.5781162447149915,0.4520876196550324,227.87179487179486,96.0008765371228,110.00000000000001,-13.999123462877208
1.6109936664798872,0.4615057085137145,227.1315789473684,95.68902847531395,110.00000000000001,-14.310971524686067
1.643871088244783,0.47092377243244454,226.29464285714286,95.33643284884596,110.00000000000001,-14.663567151154055
1.6767485100096786,0.4803418109023802,225.7685185185185,95.11478015284702,110.00000000000001,-14.885219847152996
1.7096259317745741,0.48975982341468705,225.67307692307693,95.07457124140342,110.00000000000001,-14.925428758596595
1.7425033535394698,0.4991778094605394,225.40697674418604,94.96246500010847,110.00000000000001,-15.037534999891548
1.7753807753043656,0.5085957685311202,224.8148148148148,94.7129911049143,110.00000000000001,-15.28700889508572
1.8082581970692613,0.5180137001176208,224.33510638297872,94.51089312273785,110.00000000000001,-15.48910687726216
1.8411356188341568,0.5274316037112415,224.5639534883721,94.60730489113206,110.00000000000001,-15.392695108867954
1.8740130405990525,0.5368494788031923,224.76666666666668,94.69270660929052,110.00000000000001,-15.30729339070949
1.9068904623639482,0.5462673248846914,224.82692307692307,94.71809223547058,110.00000000000001,-15.281907764529436
1.9397678841288437,0.5556851414469673,224.83423913043478,94.72117444031437,110.00000000000001,-15.278825559685643
1.9726453058937394,0.5651029279812577,225.0,94.79100839577502,110.00000000000001,-15.208991604224991
2.005522727658635,0.5745206839788102,225.1056701030928,94.8355265096837,110.00000000000001,-15.164473490316311
2.0384001494235306,0.5839384089308819,224.8265306122449,94.71792689270345,110.00000000000001,-15.282073107296569
2.0712775711884266,0.5933561023287404,224.765,94.69200445367277,109.73413115126766,-15.042126697594895
2.104154992953322,0.6027737636636632,225.07731958762886,94.8235826254643,108.71390237490756,-13.890319749443265
2.1370324147182176,0.6121913924269384,225.5787037037037,95.03481242971476,107.70265179710887,-12.667839367394109
2.1699098364831135,0.621608988109865,225.595,95.04167795131052,106.70032514055221,-11.658647189241691
2.202787258248009,0.6310265502037518,225.57311320754718,95.0324571907454,105.70686829294978,-10.674411102204374
2.2356646800129045,0.6404440781999193,225.9070796460177,95.1731550372919,104.72222730704536,-9.549072269753452
2.2685421017778005,0.6498615715896989,225.80769230769232,95.13128381052908,103.74634840061434,-8.615064590085254
2.301419523542696,0.6592790298644329,225.54464285714286,95.02046282086005,102.77917795646371,-7.758715135603666
2.334296945307592,0.6686964525154752,225.96028037383178,95.19556815123363,101.82066252243207,-6.625094371198443
2.3671743670724874,0.6781138390341912,225.89791666666667,95.16929473483594,100.87074881138956,-5.701454076553617
2.400051788837383,0.687531188911958,225.5043103448276,95.00347100080003,99.92938370123798,-4.925912700437948
2.432929210602279,0.696948501640165,225.66594827586206,95.0715679895901,98.99651423491066,-3.9249462453205695
2.4658066323671743,0.7063657767102128,224.98739495798318,94.7856979751366,98.07208762037259,-3.2863896452359853
2.49868405413207,0.7157830136135149,225.5625,95.02798591676445,97.15605123062028,-2.128065313855828
2.531561475896966,0.7252002118414969,225.42741935483872,94.97107733645518,96.24835260368194,-1.2772752672267558
2.5644388976618613,0.7346173708855969,224.9558823529412,94.77242192354056,95.34893944261727,-0.5765175190767025
2.597316319426757,0.7440344902372658,224.8790322580645,94.74004548803536,94.4577596155176,0.28228587251776105
2.6301937411916527,0.7534515693879674,224.65192307692308,94.64436589560721,93.5747611555059,1.0696047401013118
2.663071162956548,0.7628686078291785,224.346,94.5154825313713,92.69989226073668,1.8155902706346296
2.6959485847214437,0.7722856050523889,223.71641791044777,94.25024377076431,91.83310129439606,2.417142476368255
2.7288260064863397,0.7817025605491023,223.32142857142858,94.08383738075892,90.97433678470173,3.109500596057188
2.761703428251235,0.7911194738108351,222.38619402985074,93.68982926839126,90.12354742490307,3.5662818434881984
2.794580850016131,0.800536344329118,221.8594890510949,93.4679319525542,89.28068207328091,4.187249879273281
2.8274582717810266,0.8099531715954954,221.09558823529412,93.14610560302481,88.44568975314783,4.7004158498769755
2.860335693545922,0.8193699551015257,220.33695652173913,92.82649909134084,87.61851965284787,5.20797943849297
2.893213115310818,0.8287866943387815,219.90458015267177,92.64434179342797,86.79912112575673,5.845220667671242
2.9260905370757135,0.8382033887988496,219.15166666666667,92.32714433310262,85.98744369028171,6.339700642820915
2.958967958840609,0.8476200379733316,218.30797101449275,91.9717009479973,85.1834370298617,6.788263918135613
2.991845380605505,0.8570366413538438,217.26041666666666,91.5303732458648,84.38705099296715,7.143322252897647
3.0247228023704005,0.8664531984320167,216.5448275862069,91.22890031015909,83.59823559310014,7.6306647170589486
3.057600224135296,0.8758697086994965,215.79109589041096,90.91135814347307,82.81694100879437,8.094417134678693
3.090477645900192,0.8852861716479444,214.12006578947367,90.20736423979511,82.04311758361504,8.164246656180069
3.1233550676650874,0.8947025867690369,212.9293103448276,89.70570686490284,81.27671582615908,8.42899103874376
3.156232489429983,0.9041189535544657,211.95833333333334,89.29664068690882,80.51768641005488,8.778954276853938
3.189109911194879,0.9135352714959387,211.18037974683546,88.9688939982455,79.76598017396249,9.202913824283016
3.2219873329597744,0.9229515400851791,210.15296052631578,88.53604909176434,79.02154812157359,9.514500970190753
3.2548647547246703,0.932367758813927,208.2608695652174,87.7389237131908,78.28434142161139,9.454582291579413
3.287742176489566,0.941783927173937,207.32894736842104,87.34631106972087,77.55431140783072,9.791999661890145
3.3206195982544613,0.9512000446569817,206.05421686746988,86.80927556030748,76.831409579018,9.977865981289483
3.3534970200193572,0.9606161107548492,205.16304347826087,86.43383011933592,76.11558759899127,10.318242520344654
3.3863744417842527,0.9700321249593447,203.6875,85.81219343384188,75.40679729660013,10.405396137241752
3.4192518635491482,0.9794480867622902,202.45238095238096,85.29184596711904,74.70499066572579,10.586855301393257
3.452129285314044,0.9888639956555243,201.14906832298138,84.74276899647134,74.01011986528106,10.732649131190286
3.4850067070789397,0.9982798511309031,199.0272988505747,83.84888158370333,73.32213721921035,10.526744364492984
3.517884128843835,1.0076956526803,196.49255952380952,82.78101270901668,72.64099521648963,10.14001749252705
3.550761550608731,1.0171113997956056,193.57680722891567,81.55262559672653,71.96664651112653,9.585979085600002
3.5836389723736266,1.0265270919687284,190.94152046783626,80.44239675452762,71.29904392216015,9.14335283236747
3.6165163941385225,1.0359427286915948,188.1264534883721,79.2564276981496,70.63814043366138,8.618287264488217
3.649393815903418,1.0453583094561483,185.00694444444446,77.94219921826675,69.98388919473253,7.958310023534224
3.6822712376683135,1.054773833754352,182.09714285714287,76.71631909963588,69.33624351950758,7.380075580128306
3.7151486594332095,1.064189301078186,178.88202247191012,75.36181019550244,68.69515688715208,6.666653308350362
3.748026081198105,1.0736047109196496,176.3763440860215,74.30618450255186,68.06058294186323,6.245601560688627
3.7809035029630005,1.08302006277076,173.7277777777778,73.19036107516743,67.43247549286971,5.7578855822977175
3.8137809247278964,1.0924353561235542,171.43994413407822,72.2265119279316,66.81078851443198,5.41572341349962
3.846658346492792,1.1018505904700875,169.59375,71.44872257831543,66.19547614584187,5.25324643247356
3.8795357682576874,1.111265765302434,167.7872340425532,70.68764938147346,65.58649269142299,5.101156690050473
3.9124131900225834,1.1206808801126884,165.72486772486772,69.81878812398507,64.98379262053044,4.8349955034546355
3.945290611787479,1.130095934392963,163.7593085106383,68.99071105741434,64.38733056755095,4.603380489863397
3.9781680335523744,1.1395109276353907,161.5570652173913,68.06292055741562,63.79706133190288,4.265859225512742
4.01104545531727,1.1489258593321248,159.11139896373058,67.03257757793108,63.21293987803611,3.819637699894969
4.043922877082166,1.1583407289753376,157.15655339805826,66.20901410047291,62.63492133543215,3.57409276504076
4.076800298847061,1.167755536057221,154.3337765957447,65.01979694683956,62.062960998604154,2.9568359482354083
4.109677720611957,1.1771702800699888,152.16584158415841,64.1064602984628,61.497014327096736,2.609445971366071
4.142555142376853,1.1865849605058743,150.20238095238096,63.27926735076686,60.937036945486284,2.3422304052805742
4.175432564141748,1.1959995768571305,147.8063725490196,62.269844894414085,60.38298464338064,1.886860251033447
4.208309985906644,1.2054141286160331,145.92233009708738,61.47611029939585,59.834813375419316,1.6412969239765332
4.24118740767154,1.2148286152748773,143.79187817258884,60.57856502712057,59.29247926127337,1.2860857658471971
4.274064829436435,1.2242430363259795,141.89166666666668,59.77801851684672,58.75593858564551,1.0220799312012119
4.306942251201331,1.2336573912616782,140.10148514851485,59.02382691099298,58.22514779827,0.7986791127229793
4.339819672966227,1.2430716795743326,138.3275462962963,58.27647823261858,57.70006351391265,0.5764147187059265
4.372697094731122,1.2524859007563232,137.20616113744074,57.8040460992498,57.18064251237104,0.6234035868787657
4.405574516496018,1.261900054300053,135.59625,57.12580120971382,56.66684173847409,0.45895947123973
4.438451938260914,1.2713141396979464,134.0090909090909,56.45714160655029,56.158618302082544,0.2985233044677429
4.471329360025809,1.2807281564424497,132.9600938967136,56.015206119406294,55.65592947808864,0.35927664131765624
4.504206781790705,1.2901421040260328,131.7224770642202,55.49380635247457,55.158732706416174,0.3350736460583974
4.537084203555601,1.2995559819411862,130.99305555555554,55.186505906466174,54.66698559202064,0.5195203144455363
4.569961625320496,1.308969789680423,129.61971830985917,54.60792802919047,54.18064590488902,0.4272821243014491
4.602839047085392,1.3183835267362811,128.25438596491227,54.0327225635332,53.69967158003996,0.33305098349323714
4.635716468850288,1.3277971926013192,127.40366972477064,53.67432145125903,53.22402071752364,0.45030073373538926
4.668593890615184,1.33721078676812,125.8828125,53.033594384761216,52.75365158242195,0.2799428023392636
4.701471312380079,1.3466243087292884,124.57777777777778,52.48379190782369,52.28852260484828,0.19526930297540446
4.734348734144975,1.3560377579774545,122.67872807017544,51.683734855480004,51.828592379947594,-0.14485752446758937
4.767226155909871,1.3654511340052702,121.59935897435898,51.22900381093033,51.3738196678965,-0.1448158569661686
4.800103577674766,1.3748644363054119,120.40418502202643,50.72548494804159,50.92416339390326,-0.19867844586166683
4.832980999439662,1.3842776643705803,119.71710526315789,50.436022800523915,50.47958264820758,-0.043559847683667385
4.865858421204558,1.393690817693499,118.93172268907563,50.10514632864069,50.040036686080896,0.06510964255979701
4.898735842969453,1.403103895766916,118.59639830508475,49.96387638864874,49.605484927826154,0.3583914608225882
4.931613264734349,1.4125168980836051,118.08966244725738,49.75039193107651,49.175886958777966,0.5745049722985414
4.964490686499245,1.4219298241363627,117.84782608695652,49.64850787570013,48.751202529302475,0.8973053463976584
4.99736810826414,1.431342673418011,117.55225409836065,49.52398535635548,48.33139155479745,1.1925938015580329
5.030245530029036,1.440755445421397,117.18987341772151,49.37131677795135,47.91641411569225,1.4549026622591015
5.063122951793932,1.4501681396393924,116.767,49.193163010442056,47.50623045744783,1.6869325529942287
5.096000373558827,1.4595807555648939,116.57083333333334,49.1105192942333,47.100800990556735,2.0097183036765642
5.128877795323723,1.4689932926908242,115.97540983606558,48.85967132210641,46.70008629054311,2.159585031563296
5.1617552170886185,1.478405750510131,114.8,48.36447895037765,46.30404709796272,2.060431852414929
5.194632638853514,1.4878181285157877,113.83958333333334,47.95986177565125,45.91264431840287,2.0472174572483794
5.2275100606184095,1.4972304262007936,112.538,47.411513345972125,45.5258390224825,1.8856743234896243
5.2603874823833054,1.506642643058174,111.56274900398407,47.00064656663287,45.14359244585211,1.8570541207807594
5.2932649041482005,1.5160547785809808,110.01704545454545,46.34945190826747,44.76586598919383,1.5835859190736414
5.326142325913096,1.5254668322622915,108.779296875,45.82799663717613,44.39262121822142,1.435375418954706
5.359019747677992,1.5348788035952103,107.570281124498,45.31864631648075,44.02381986368013,1.2948264528006206
5.391897169442887,1.5442906920728676,106.44711538461539,44.84546403612938,43.65942382134688,1.1860402147825013
5.424774591207783,1.5537024971884226,104.73643410852713,44.124765355221925,43.29939515203017,0.8253702031917527
5.457652012972679,1.5631142184350586,103.34444444444445,43.53832933773351,42.94369608157007,0.5946332561634406
5.490529434737575,1.5725258553059882,102.10992217898833,43.01823329137963,42.59228900083829,0.425944290541338
5.52340685650247,1.5819374072944499,100.857421875,42.490563216574884,42.24513646573817,0.24542675083671384
5.556284278267366,1.591348873893711,99.30748175182482,41.83758371778001,41.90220119720445,-0.06461747942444163
5.589161700032262,1.6007602545970654,97.82899628252788,41.21470759096597,41.56344608120375,-0.34873849023777836
5.622039121797157,1.610171548897835,96.67129629629629,40.72697626156745,41.22883416873407,-0.5018579071666167
5.654916543562053,1.61958275628937,96.00657894736842,40.4469352491095,40.89832867582501,-0.4513934267155122
5.687793965326949,1.6289938762650489,95.25,40.12819355421143,40.571892983537936,-0.4436994293265073
5.720671387091844,1.638404908318277,94.80054151624549,39.9388396746242,40.24949063796561,-0.3106509633414092
5.75354880885674,1.64781585194249,94.37962962962963,39.76151228716604,39.931085350232564,-0.16957306306652242
5.786426230621636,1.6572267066311508,94.08003597122303,39.635295464991195,39.616640996494795,0.01865446849640051
5.819303652386531,1.6666374718777521,93.83948339483395,39.5339522592662,39.30612161793988,0.22783064132632092
5.852181074151427,1.6760481471758149,93.21180555555556,39.26951574667562,38.999491420787166,0.27002432588845693
5.885058495916323,1.685458732018889,92.63292253521126,39.02563616782395,38.69671477628742,0.3289213915365252
5.917935917681218,1.694869225900554,92.30415162454874,38.88712716269996,38.397756220723096,0.4893709419768655
5.950813339446114,1.704279628314419,91.50786713286713,38.551657785204775,38.102580455408116,0.4490773297966584
5.98369076121101,1.7136899387541225,90.35616438356165,38.066453051965425,37.8111523466882,0.2553007052772216
6.016568182975905,1.7231001567133324,89.7406462585034,37.807139346364764,37.5234369259405,0.2837024204242624
6.049445604740801,1.7325102816857474,88.98924731182795,37.490579951418596,37.239399389573805,0.2511805618447909
6.082323026505697,1.741920313165095,87.9443493150685,37.05037135238057,36.95900509902856,0.09136625335201387
6.115200448270592,1.751330250645134,86.835,36.58300984020944,36.68221958077672,-0.09920974056727516
6.148077870035488,1.7607400936196533,85.90699658703072,36.19204815438687,36.409008526321884,-0.21696037193501638
6.180955291800384,1.7701498415824723,84.63935810810811,35.6580004668386,36.1393377921992,-0.4813373253605988
6.213832713565279,1.7795594940274408,83.58561643835617,35.214066086996674,35.873173399975485,-0.6591073129788114
6.246710135330175,1.7889690504484403,82.31879194630872,34.680361326722696,35.61048153624907,-0.9301202095263719
6.279587557095071,1.7983785103393826,81.45032573289902,34.31448226838152,35.35122855264996,-1.036746284268439
6.312464978859966,1.8077878731942107,80.41751700680273,33.87936679892986,35.09538096583972,-1.216014166909865
6.345342400624862,1.8171971385068995,79.53525641025641,33.50767625842104,34.84290545751145,-1.3352291990904064
6.378219822389758,1.8266063057714554,78.93561872909699,33.255052878557905,34.59376887438995,-1.3387159958320467
6.411097244154654,1.8360153744819157,78.3349358974359,33.001989183717086,34.34793822823153,-1.345949044514441
6.443974665919549,1.8454243441323501,77.8036858974359,32.7781770805604,34.10538069582415,-1.3272036152637554
6.476852087684445,1.854833214216861,77.44117647058823,32.625454262232104,33.86606361898737,-1.2406093567552645
6.509729509449341,1.8642419842295828,76.90873015873017,32.40113816082039,33.629954504572254,-1.2288163437518662
6.542606931214236,1.8736506536646802,76.35714285714286,32.1687580873281,33.397021024461566,-1.228262937133465
6.575484352979132,1.8830592220163527,75.78858024691358,31.92922642884024,33.1672310155696,-1.2380045867293568
6.6083617747440275,1.892467688778832,75.2289644012945,31.693463982971416,32.940552479842324,-1.2470884968709086
6.641239196508923,1.901876053446383,74.73790322580645,31.486583165155736,32.7169535842572,-1.2303704191014617
6.6741166182738185,1.9112843155133017,74.19503012048193,31.257874324779483,32.49640266082332,-1.2385283360438386
6.7069940400387145,1.9206924744739193,73.60883280757098,31.01091328295849,32.27886820658142,-1.2679549236229306
6.7398714618036095,1.9301005298225993,73.15378787878788,30.81920587111523,32.06431888360379,-1.2451130124885594
6.7727488835685055,1.9395084810537393,72.89003164556962,30.70808711859332,31.852723518994253,-1.144636400400934
6.805626305333401,1.9489163276617703,72.43021472392638,30.514369297793305,31.644051104888405,-1.1296818070950998
6.8385037270982965,1.9583240691411565,71.90256797583082,30.292075220776727,31.43827079845326,-1.146195577676533
6.871381148863192,1.9677317049863976,71.29754601226993,30.037183478432155,31.23535192188743,-1.1981684434552733
6.904258570628088,1.9771392346920251,70.73170731707317,29.79879938728971,31.035263962421283,-1.2364645751315742
6.937135992392983,1.9865466577526072,70.36350148367953,29.64367671064709,30.837976572316705,-1.1942998616696165
6.970013414157879,1.995953973662745,69.98652694610779,29.48485983706506,30.64345956886703,-1.1585997318019707
7.002890835922775,2.0053611819170754,69.3608630952381,29.22127180443963,30.451682934397382,-1.2304111299577514
7.03576825768767,2.014768282010268,68.82291666666667,28.99463854031878,30.26261681626437,-1.267978275945591
7.068645679452566,2.024175273437031,68.23262839879155,28.74595400629176,30.076231526856333,-1.3302775205645716
7.101523101217462,2.0335821556921028,67.72760115606937,28.53318937693633,29.89249754359301,-1.3593081666566782
7.134400522982357,2.042988928270262,67.4251453488372,28.40576675043546,29.711385508925815,-1.305618758490354
7.167277944747253,2.0523955906663183,67.18215339233038,28.303395850038378,29.532866230337874,-1.229470380299496
7.200155366512149,2.061802142375121,66.71604046242774,28.10702556269713,29.35691068034376,-1.2498851176466275
7.233032788277045,2.0712085828915527,66.51517341040463,28.022401605298207,29.18348999648967,-1.1610883911914627
7.26591021004194,2.080614911710531,66.4906876790831,28.012085929016976,29.01257548135345,-1.0004895523364752
7.298787631806836,2.0900211283270127,66.125,27.858024134091657,28.844138602544433,-0.9861144684527758
7.331665053571732,2.0994272322359886,66.01162790697674,27.810261222884485,28.678150992703735,-0.86788976981925
7.364542475336627,2.1088332229324864,65.56075418994413,27.620311114899277,28.51458444950387,-0.8942733346045948
7.397419897101523,2.1182390999115706,65.18767908309455,27.463137045629793,28.353410935649066,-0.890273890019273
7.430297318866419,2.127644862668342,64.86446629213484,27.32696963948986,28.19460257887502,-0.8676329393851603
7.463174740631314,2.1370505106979385,64.74223163841808,27.275472990215555,28.038131671949287,-0.7626586817337326
7.49605216239621,2.1464560434955358,64.2892561983471,27.084637440247338,27.8839706726707,-0.7993332324233613
7.528929584161106,2.155861460556345,64.1062834224599,27.00755222275702,27.732092203869826,-0.7245399811128053
7.561807005926001,2.165266761375616,64.17642857142857,27.03710390900063,27.582469053408943,-0.5453651444083114
7.594684427690897,2.174671945448636,63.864583333333336,26.905725577522993,27.43507417418175,-0.5293485966587568
7.627561849455793,2.1840770122707296,63.45316804407714,26.732399043576176,27.28988068411354,-0.5574816405373646
7.660439271220688,2.1934819613372607,63.00815217391305,26.54491680764294,27.146861866161345,-0.6019450585184032
7.693316692985584,2.202886792143628,62.55886243386244,26.355634018659508,27.00599116831367,-0.6503571496541625
7.72619411475048,2.212291504185272,62.56578947368421,26.358552334614632,26.867242203590678,-0.5086898689760453
7.759071536515375,2.2216960969576687,62.46689189189189,26.31688743903242,26.730588750044063,-0.41370131101164276
7.791948958280271,2.2311005699563347,62.35986842105263,26.271799160264113,26.59600475075726,-0.3242055904931469
7.824826380045167,2.240504922676824,62.049586776859506,26.14107956053182,26.463464313845037,-0.3223847533132158
7.857703801810062,2.2499091546147296,61.732421875,26.007460089976224,26.332941712454016,-0.3254816224777919
7.890581223574958,2.2593132652656838,61.40232240437158,25.868391371346096,26.204411384762324,-0.33602001341622767
7.923458645339854,2.268717254125358,60.99170918367347,25.695402743565605,26.077847933979626,-0.38244519041402114
7.956336067104749,2.278121120689463,60.74289405684755,25.59057858011693,25.953226128347183,-0.36264754823025314
7.989213488869645,2.287524864453749,60.48015873015873,25.479889928747916,25.830520901137987,-0.35063097239007135
8.02209091063454,2.2969284849140053,60.35438144329897,25.426900791615825,25.70970735065643,-0.2828065590406048
8.054968332399437,2.3063319815660615,60.011394101876675,25.282402498458467,25.59076074023872,-0.3083582417802546
8.087845754164332,2.3157353539057874,59.59282178217822,25.1060607550328,25.473656498252495,-0.36759574321969524
8.120723175929227,2.325138601429092,59.49222797927461,25.063681252741247,25.35837021809698,-0.2946889653557321
8.153600597694123,2.3345417236319257,59.175392670157066,24.930200637422857,25.244877658203137,-0.31467702078028026
8.186478019459019,2.343944720010279,58.83759590792839,24.78788910086959,25.133154742033298,-0.3452656411637065
8.219355441223914,2.3533475900601823,58.67203608247423,24.71813984396013,25.023177558081642,-0.3050377141215108
8.25223286298881,2.362750333277708,58.269375,24.548501399295837,24.914922359873827,-0.36642096057799023
8.285110284753706,2.3721529491589677,57.91772151898734,24.400352118979953,24.80836556596708,-0.4080134469871268
8.3179877065186,2.3815554372001153,57.5891959798995,24.26194648727372,24.703483759950217,-0.44153727267649856
8.350865128283496,2.3909577968973466,57.45111386138614,24.203773406139025,24.600253690443736,-0.3964802843047117
8.383742550048392,2.4003600277468973,57.314655172413794,24.146284265107674,24.498652271099616,-0.3523680059919414
8.416619971813288,2.4097621292450455,57.30513784461153,24.142274677998294,24.398656580601482,-0.25638190260318794
8.449497393578184,2.4191641008881106,56.98806532663317,24.00869412815938,24.300243862664672,-0.291549734505292
8.48237481534308,2.4285659421724546,56.76932367149758,23.91653971896621,24.20339152603586,-0.28685180706964886
8.515252237107976,2.43796765259448,56.4641975308642,23.787992098705992,24.108077144493592,-0.3200850457876001
8.54812965887287,2.447369231650633,56.38170731707317,23.753239518492503,24.01427845684779,-0.2610389383552878
8.581007080637766,2.4567706788374024,56.076219512195124,23.624539531483606,23.921973366940108,-0.29743383545650204
8.613884502402662,2.4661719936513182,55.99087591240876,23.588584838666385,23.831139943643763,-0.2425551049773773
8.646761924167558,2.4755731755889543,55.891304347826086,23.546635998602667,23.74175642086348,-0.19512042226081405
8.679639345932454,2.4849742241469266,55.860975609756096,23.533858702313662,23.65380119753567,-0.11994249522200917
8.71251676769735,2.4943751388218938,55.7212441314554,23.47499075683475,23.567252837628473,-0.09226208079372356
8.745394189462244,2.503775919110559,55.52877697841727,23.393905621192314,23.482090070141197,-0.08818444894888344
8.77827161122714,2.5131765645096675,55.25180288461539,23.27721827163237,23.398291789105173,-0.12107351747280148
8.811149032992036,2.5225770745160085,55.02044392523364,23.179748275804847,23.31583705358321,-0.1360887777783617
8.844026454756932,2.5319774486264155,55.014319809069214,23.177168226263696,23.234705087669596,-0.0575368614059002
8.876903876521828,2.5413776863377646,54.91350710900474,23.13469650404942,23.15487528049033,-0.02017877644091115
8.909781298286724,2.5507777871469766,54.76215277777778,23.070931927684658,23.076327186202917,-0.005395258518259283
8.942658720051618,2.560177750551015,54.87789351851852,23.119692734472608,22.999040523996626,0.12065221047598129
8.975536141816514,2.569577576046891,54.983021077283375,23.16398227805264,22.922995178092066,0.24098709996057366
9.00841356358141,2.5789772631316574,54.79443127962085,23.08453064652559,22.84817119774158,0.23635944878401105
9.041290985346306,2.5883768113024117,54.67986425339367,23.036264317881233,22.774548797229215,0.2617155206520181
9.074168407111202,2.597776220056297,54.706496519721576,23.04748431513051,22.702108355870394,0.3453759592601173
9.107045828876098,2.607175488890501,54.69886363636363,23.04426863197288,22.630830418012323,0.413438213960557
9.139923250640992,2.6165746173022573,54.61693548387097,23.00975284445829,22.560695693033722,0.4490571514245687
9.172800672405888,2.625973604788844,54.70537757437071,23.047012910872073,22.49168505534479,0.5553278555272847
9.205678094170784,2.635372450847584,54.71188340807175,23.04975377548086,22.42377954438757,0.6259742310932879
9.23855551593568,2.6447711549758472,54.68348623853211,23.037790236208647,22.35696036463554,0.6808298715731063
9.271432937700576,2.6541697166710483,54.564752252252255,22.987768394918344,22.291208885593676,0.6965595093246684
9.304310359465472,2.6635681354306477,54.433972911963885,22.932671925837152,22.226506641798863,0.7061652840382884
9.337187781230368,2.672966410752153,54.422356828193834,22.927778146751937,22.16283533281927,0.7649428139326666
9.370065202995262,2.682364542133116,54.23111111111111,22.847207593980183,22.10017682325477,0.7470307707254129
9.402942624760158,2.6917625290711373,53.92063492063492,22.71640603318855,22.03851314273686,0.677892890451691
9.435820046525054,2.7011603710638625,53.75330396475771,22.645910610773313,21.977826485928716,0.6680841248445972
9.46869746828995,2.7105580676089844,53.63329646017699,22.59535224466546,21.91809921252485,0.6772530321406087
9.501574890054846,2.719955618204242,53.325873362445414,22.465836931607104,21.859313847251656,0.6065230843554481
9.534452311819742,2.7293530223474223,53.043010752688176,22.346668789312222,21.80145307986686,0.5452157094453618
9.567329733584636,2.738750279536359,52.86073059360731,22.26987536669081,21.744499765160015,0.5253756015307935
9.600207155349532,2.748147389268933,52.625,22.170563630345157,21.688436922952178,0.4821267073929789
9.633084577114428,2.757544351043073,52.39270152505446,22.07269782283899,21.633247738095918,0.439450084743072
9.665961998879324,2.766941164356755,52.36958874458875,22.062960561651543,21.57891556047545,0.48404500117609217
9.69883942064422,2.776337828708003,52.271195652173915,22.02150820409963,21.52542390500676,0.49608429909286755
9.731716842409115,2.785734343594889,52.34375,22.05207486985044,21.47275645163711,0.5793184182133295
9.76459426417401,2.795130708515532,52.28646934460888,22.027942909467797,21.42089704534567,0.6070458641221279
9.797471685938905,2.804526922968102,52.05021834061135,21.92841192767473,21.369829696142915,0.5585822315318154
9.830349107703801,2.813922986450815,51.73931623931624,21.797430933478598,21.319538579071235,0.4778923544073628
9.863226529468697,2.8233188984619373,51.575371549893845,21.728362122672014,21.27000803420421,0.4583540884678037
9.896103951233593,2.8327146584997815,51.48411016949152,21.689914308112343,21.221222566647384,0.4686917414649585
9.92898137299849,2.8421102660627118,51.478995901639344,21.687759700970503,21.173166846537725,0.5145928544327774
9.961858794763383,2.8515057206491394,51.25267665952891,21.59241290461932,21.12582570904391,0.4665871955754106
9.99473621652828,2.8609010217575266,51.03744725738397,21.50173818432715,21.07918415436589,0.42255402996125824
10.027613638293175,2.8702961688863846,50.814795918367345,21.40793665123357,21.033227347735703,0.37470930349786613
10.060491060058071,2.8796911615342724,50.73523206751055,21.374416928324386,20.987940619416577,0.3864763089078096
10.093368481822967,2.8890859991998012,50.57938144329897,21.308758093532713,20.943309464703475,0.36544862882923823
10.126245903587863,2.8984806813816304,50.528481012658226,21.287314079540643,20.899319543923127,0.3879945356175156
10.159123325352759,2.907875207578471,50.50296442687747,21.276564111109643,20.855956682433543,0.42060742867609946
10.192000747117653,2.9172695772890815,50.36746361746362,21.219478518386165,20.81320687062447,0.4062716477616952
10.22487816888255,2.926663790012274,50.38265306122449,21.225877730346447,20.77105626391736,0.45482146642908816
10.257755590647445,2.9360578452469084,50.25051652892562,21.170209485268536,20.729491182765116,0.44071830250342003
10.290633012412341,2.945451742491897,50.06859756097561,21.09356823007609,20.68849811265224,0.40507011742385046
10.323510434177237,2.954845481246203,49.844674556213015,20.99923095263405,20.648063704094824,0.35116724853922676
10.356387855942133,2.964239061008839,49.747975708502025,20.95849236914412,20.60817477264075,0.3503175965033698
10.389265277707027,2.9736324812788695,49.71138211382114,20.943075730296886,20.568818298869274,0.3742574314276119
10.422142699471923,2.9830257415554113,49.640280561122246,20.913121117502072,20.52998142839124,0.38313968911083407
10.455020121236819,2.9924188413376323,49.46478174603175,20.839184630147887,20.491651471849252,0.34753315829863496
10.487897543001715,3.0018117801247506,49.21987951807229,20.73600894505167,20.453815904917377,0.2821930401342918
10.520774964766611,3.011204557416037,49.22032193158954,20.736195330933572,20.41646236830138,0.319732962632191
10.553652386531507,3.020597172710815,49.25396825396825,20.750370303498407,20.379578667738485,0.3707916357599217
10.586529808296401,3.029989625508459,49.11429961089494,20.691528830084234,20.343152773997645,0.3483760560865896
10.619407230061297,3.0393819153083967,48.970098039215685,20.630777663898755,20.30717282287935,0.323604841019403
10.652284651826193,3.0487740416101072,48.857715430861724,20.583431616023116,20.27162711521558,0.3118045008075363
10.685162073591089,3.058166003913123,48.83914728682171,20.57560898003382,20.23650411687015,0.3391048631636693
10.718039495355985,3.0675578017170295,48.6187015503876,20.482736652686537,20.201792458738282,0.28094419394825465
10.75091691712088,3.076949434521463,48.40163147792706,20.391286470192856,20.167480936746756,0.2238055334461002
10.783794338885775,3.0863409018261145,48.31153846153846,20.353330879646666,20.133558511854176,0.21977236779249054
10.81667176065067,3.0957322031307295,48.15748031496063,20.288427203799124,20.10001431005051,0.18841289374861248
10.849549182415567,3.1051233379351046,48.117816091954026,20.271716929594543,20.066837622357525,0.20487930723701808
10.882426604180463,3.1145143057390907,47.99122807017544,20.218386235215796,20.03401790482826,0.1843683303875352
10.915304025945359,3.1239051060425926,47.79796511627907,20.13696583394743,20.00154477854781,0.13542105539961824
10.948181447710255,3.1332957383455677,47.62361111111111,20.063511647424257,19.969408029632405,0.09410361779185195
10.98105886947515,3.1426862021480297,47.36705202312139,19.95542500447472,19.937597609230153,0.017827395244566446
11.013936291240045,3.1520764969500443,47.31367924528302,19.93293940699835,19.90610363352073,0.02683577347762167
11.04681371300494,3.161466622251733,47.208333333333336,19.888557872669093,19.87491638371526,0.013641488953833658
11.079691134769837,3.1708565775532715,47.08301158301158,19.83576065006055,19.844026306056776,-0.008265655996225973
11.112568556534733,3.1802463623548887,47.029038112522684,19.81302198475272,19.813424011819393,-0.00040202706667358257
11.145445978299628,3.18963597615687,46.94433962264151,19.777339072461892,19.783100277309245,-0.005761204847352985
11.178323400064524,3.199025418459555,46.900275735294116,19.75877524883746,19.75304604386409,0.005729204973370372
11.211200821829419,3.208414688763338,46.87523540489642,19.748225923642078,19.723252417852848,0.024973505789230188
11.244078243594315,3.2178037865686697,46.87310606060606,19.74732884500872,19.69371067067658,0.05361817433214
11.27695566535921,3.227192711376056,46.63714028776978,19.647918029212992,19.664412238767426,-0.016494209554434036
11.309833087124106,3.2365814626860567,46.51660341555977,19.597136644032283,19.635348723589487,-0.03821207955720496
11.342710508889002,3.2459700399992895,46.69810469314079,19.673601929041286,19.60651189163835,0.06709003740293795
11.375587930653898,3.255358442816427,46.660780669144984,19.65787756516595,19.577893674441185,0.07998389072476542
11.408465352418792,3.2647466706381967,46.625,19.642803406457823,19.54948616855677,0.09331723790105428
11.441342774183688,3.274134722965385,46.59862385321101,19.631691310672387,19.521281635575434,0.11040967509695321
11.474220195948584,3.283522599298833,46.486988847583646,19.58466022286934,19.493272502119083,0.09138772075025514
11.50709761771348,3.2929102991394377,46.486061151079134,19.584269390482014,19.465451359841353,0.11881803064066077
11.539975039478376,3.302297821988154,46.22307001795332,19.473472969556934,19.43781096542739,0.03566200412954501
11.572852461243272,3.311685167345993,46.132194244604314,19.435187608692498,19.41034424059376,0.02484336809873966
11.605729883008166,3.3210723347140223,46.02732974910394,19.391008891921853,19.383044272089194,0.007964619832659281
11.638607304773062,3.3304593235933684,45.94826007326007,19.357697361669555,19.355904311693166,0.0017930499763885166
11.671484726537958,3.3398461334852136,45.78295254833041,19.288054397298477,19.32891777621751,-0.040863378919031135
11.704362148302854,3.349232763890799,45.59681818181818,19.20963722263713,19.302078247505307,-0.09244102486817596
11.73723957006775,3.35861921431142,45.447299651567945,19.14664605705369,19.275379472431126,-0.128733415377436
11.770116991832646,3.3680054842484344,45.36220825852783,19.110797617266694,19.248815362901325,-0.13801774563463098
11.802994413597542,3.377391573203254,45.352068345323744,19.10652573905487,19.222379995853913,-0.11585425679904304
11.835871835362436,3.3867774806773507,45.19290657439446,19.039471940101784,19.196067613258265,-0.15659567315648104
11.868749257127332,3.3961632061722553,44.95421903052065,18.93891446021152,19.169872622115577,-0.23095816190405571
11.901626678892228,3.405548749189555,44.884114583333336,18.90937992135857,19.143789594458497,-0.23440967309992544
11.934504100657124,3.414934109230897,44.846875,18.893691131774546,19.117813267351295,-0.22412213557674932
11.96738152242202,3.4243192857979863,44.59546232876713,18.787772640087262,19.091938542889892,-0.30416590280263023
12.000258944186916,3.4337042783925873,44.26949740034662,18.650445776679987,19.06616048820166,-0.41571471152167305
12.03313636595181,3.443089086516523,44.29774305555556,18.662345483969116,19.04047433544588,-0.3781288514767631
12.066013787716706,3.452473709671677,44.48688811188811,18.742031042292844,19.014875481812993,-0.27284443952014925
12.098891209481602,3.4618581473599903,44.266407599309154,18.64914406398628,18.98935948952527,-0.34021542553898954
12.131768631246498,3.4712423990834638,44.031037414965986,18.54998416567433,18.963922085836685,-0.4139379201623541
12.164646053011394,3.4806264643441596,44.17758620689655,18.611724200191137,18.93855916303275,-0.3268349628416125
12.19752347477629,3.4900103426441973,44.13062283737024,18.591938843946416,18.913266778430255,-0.3213279344838398
12.230400896541184,3.4993940334857583,44.036449399656945,18.552264198946684,18.888041154378072,-0.3357769554313883
12.26327831830608,3.508777536371083,44.014078498293514,18.54283948650685,18.862878678256294,-0.3200391917494443
12.296155740070976,3.5181608508024733,44.00083333333333,18.537259386315988,18.837775902476835,-0.3005165161608474
12.329033161835872,3.5275439762822898,43.97255574614065,18.52534622629379,18.812729544483062,-0.28738331818927065
12.361910583600768,3.536926912312955,43.92278156996587,18.5043766958419,18.78773648675002,-0.283359790908122
12.394788005365664,3.546309658396952,43.66291666666667,18.394897334817887,18.762793776784264,-0.3678964419663764
12.427665427130558,3.555692214036824,43.55772495755518,18.3505807651221,18.737898627124167,-0.3873178620020674
12.460542848895454,3.5650745787351763,43.55708333333333,18.350310453090987,18.7130484153393,-0.362737962248314
12.49342027066035,3.574456751994675,43.62071917808219,18.37711981261926,18.688240684031285,-0.31112087141202593
12.526297692425246,3.5838387333180464,43.59549180327869,18.366491686855696,18.663473140832906,-0.2969814539772102
12.559175114190142,3.5932205222080804,43.51198347107438,18.331310180104158,18.638743658408856,-0.3074334783046986
12.592052535955037,3.6026021181676278,43.401666666666664,18.284834441736127,18.614050274455423,-0.3292158327192958
12.624929957719932,3.6119835206995994,43.26241721854305,18.226169572375273,18.589391191700145,-0.3632216193248716
12.657807379484828,3.621364729306971,43.24792703150912,18.220064952638428,18.56476477790261,-0.34469982526418264
12.690684801249724,3.6307457434927795,43.162743506493506,18.184177698260932,18.540169565853716,-0.35599186759278467
12.72356222301462,3.640126562760122,43.18666666666667,18.194256367046833,18.515604253375955,-0.3213478863291215
12.756439644779515,3.6495071866121607,43.037581699346404,18.131447858651548,18.491067703323495,-0.35961984467194696
12.789317066544411,3.65888761455212,42.885772357723575,18.06749158942343,18.466558943582243,-0.399067354158813
12.822194488309307,3.6682678460832845,42.9547697368421,18.096559727838148,18.4420771670693,-0.34551743923115197
12.855071910074201,3.6776478807090056,42.921623794212216,18.0825955619443,18.417621731733846,-0.3350261697895469
12.887949331839097,3.687027717932695,43.0198347107438,18.123971170004307,18.39319216055631,-0.26922099055200377
12.920826753603993,3.6964073572578293,42.8653536977492,18.058889343338713,18.36878814154872,-0.309898798210007
12.95370417536889,3.7057867981879484,42.60838607594937,17.95063058780329,18.344409527754976,-0.39377893995168733
12.986581597133785,3.7151660402266526,42.57704918032787,17.937428561421267,18.320056337250293,-0.3826277758290253
13.019459018898681,3.7245450828776105,42.53309409888357,17.918910577002496,18.295728753141617,-0.37681817613912116
13.052336440663575,3.73392392564455,42.61147540983607,17.951932103689476,18.27142712356749,-0.31949501987801554
13.085213862428471,3.7433025680312677,42.5625,17.931299088200774,18.24715196169805,-0.31585287349727764
13.118091284193367,3.7526810095416216,42.558,17.92940326803286,18.222903945734856,-0.2935006777019957
13.150968705958263,3.7620592496795338,42.54847756410256,17.92539152891685,18.198683918911286,-0.2732923899944346
13.18384612772316,3.771437287948991,42.421875,17.872054707953417,18.174492889492228,-0.3024381815388111
13.216723549488055,3.7808151238540466,42.35072231139647,17.842078551940972,18.150332030774194,-0.3082534788332225
13.24960097125295,3.7901927568988154,42.21884735202492,17.78652050580328,18.126202681085203,-0.3396821752819221
13.282478393017845,3.7995701865874802,42.27308917197452,17.809372224959922,18.102106343785067,-0.29273411882514466
13.315355814782741,3.8089474124242875,42.27175632911393,17.80881070709864,18.078044687264793,-0.2692339801661525
13.348233236547637,3.8183244339135487,42.19278033794163,17.775538645577406,18.054019544947522,-0.2784808993701162
13.381110658312533,3.8277012505596404,42.19325396825397,17.77573818288813,18.030032915287563,-0.25429473239943334
13.413988080077429,3.837077861867007,42.265,17.80596431043303,18.00608696177096,-0.2001226513379315
13.446865501842323,3.846454267340154,42.19492868462758,17.77644372979405,17.982184012915468,-0.20574028312141834
13.479742923607219,3.8558304664836602,42.13893188854489,17.752852650826892,17.95832656227023,-0.20547391144333815
13.512620345372115,3.8652064588021617,42.09136085626911,17.73281129029423,17.9345172684161,-0.20170597812187196
13.545497767137011,3.8745822438003676,41.9655572755418,17.679811075730044,17.910758954965587,-0.2309478792355435
13.578375188901907,3.88395782098305,41.92194744976816,17.661438545236503,17.88705461056267,-0.22561606532616807
13.611252610666803,3.893333189855048,42.01238390092879,17.6995388225754,17.863407388882848,-0.16386856630744973
13.644130032431699,3.9027083499212676,41.87164179104477,17.640245104710264,17.83982060863366,-0.19957550392339485
13.677007454196593,3.9120833006866813,41.767387944358575,17.59632365023683,17.816297753553613,-0.21997410331678324
13.709884875961489,3.9214580416563285,41.69653846153846,17.566475232810884,17.79284247241324,-0.22636723960235727
13.742762297726385,3.9308325723353166,41.686342592592595,17.562179780815995,17.769458579014525,-0.20727879819853
13.77563971949128,3.9402068922288187,41.738041853512705,17.58396033670903,17.74615005219107,-0.16218971548203953
13.808517141256177,3.949581000842076,41.73531626506024,17.582812064362894,17.722921035808014,-0.14010897144511958
13.841394563021073,3.9589548976803988,41.71412386706949,17.57388384758126,17.699775838762292,-0.12589199118103167
13.874271984785967,3.968328582249162,41.46968562874252,17.470903638241257,17.676718934982063,-0.20581529674080556
13.907149406550863,3.977702054053811,41.430408472012104,17.454356432492833,17.65375496342756,-0.19939853093472593
13.940026828315759,3.9870753125998584,41.40568862275449,17.443942123877186,17.630888728090156,-0.18694660421297016
13.972904250080655,3.996448357392884,41.363839285714285,17.42631127561614,17.608125197993132,-0.18181392237699256
14.00578167184555,4.005821187938538,41.43061840120664,17.4544448742708,17.585469507191164,-0.13102463292036504
14.038659093610447,4.015193803742536,41.44985250737463,17.46254807568971,17.562926954770717,-0.10037887908100629
14.07153651537534,4.024566204310664,41.49851632047478,17.48304981753925,17.54050300484957,-0.05745318731031901
14.104413937140237,4.033938389148778,41.3455223880597,17.418594488063427,17.518203286577517,-0.09960879851409032
14.137291358905133,4.043310357762802,41.244360902255636,17.375975824729284,17.496033594135355,-0.12005776940607049
14.170168780670028,4.052682109658727,41.17723880597015,17.347697730540222,17.47399988673618,-0.1263021561959583
14.203046202434924,4.062053644342617,41.184285714285714,17.35066654629713,17.452108288624174,-0.10144174232704373
14.23592362419982,4.071424961320601,41.27962962962963,17.390834305763136,17.430365089075252,-0.03953078331211657
14.268801045964715,4.080796060098883,41.23007246376812,17.36995620031758,17.40877674239698,-0.038820542079399445
14.30167846772961,4.090166940183731,41.195103857566764,17.355224158344157,17.387349867928407,-0.03212570958424976
14.334555889494506,4.099537601081487,41.14546783625731,17.334312831621148,17.36609125004017,-0.03177841841902307
14.367433311259402,4.10890804229856,41.015467625899284,17.27954460481448,17.34500783813482,-0.06546323332034021
14.400310733024298,4.1182782633414305,40.98651603498542,17.267347491492757,17.324106746646123,-0.05675925515336644
14.433188154789194,4.127648263716651,40.919642857142854,17.23917426499353,17.303395255039476,-0.06422099004594628
14.46606557655409,4.137018042930843,41.00326560232221,17.274403973172966,17.28288080781212,-0.008476834639154163
14.498942998318984,4.146387600490696,40.98374277456647,17.266179135263176,17.262571014492636,0.0036081207705400686
14.53182042008388,4.155756935902975,40.855852601156066,17.212299853034363,17.24247364964134,-0.030173796606977277
14.564697841848776,4.165126048674513,40.80396475770925,17.190439848573007,17.2225966528502,-0.03215680427719292
14.597575263613672,4.174494938312215,40.72032122905028,17.15520138445138,17.20294812874255,-0.04774674429116743
14.630452685378568,4.183863604323055,40.71372126436781,17.152420863084146,17.18353634697357,-0.031115483889422535
14.663330107143464,4.193232046214084,40.64872521246459,17.125038457299034,17.164369742229724,-0.03933128493068949
14.696207528908358,4.202600263492417,40.81062767475036,17.1932468913516,17.14545691422947,0.047789977122128846
14.729084950673254,4.211968255665247,40.855571847507335,17.21218157338337,17.126806627722573,0.08537494566079573
14.76196237243815,4.221336022239835,40.700413223140494,17.146814273538773,17.108427812490447,0.03838646104832577
14.794839794203046,4.230703562723515,40.78155680224404,17.18099952548574,17.090329563346387,0.09066996213935141
14.827717215967942,4.240070876623695,40.70259831460674,17.147734838087757,17.072521140134597,0.07521369795315991
14.860594637732838,4.2494379634478525,40.6278328611898,17.11623664820972,17.05501196773153,0.06122468047819041
14.893472059497732,4.258804822703537,40.46151129943503,17.04616647684663,17.037811636045234,0.008354840801395369
14.926349481262628,4.2681714538983755,40.3894297635605,17.015799003636573,17.02092990001458,-0.0051308963780059
14.959226903027524,4.277537856540063,40.48295454545455,17.055200374239828,17.004376679611227,0.050823694628601146
14.99210432479242,4.28690403013637,40.543956043956044,17.08089990115809,16.988162059837265,0.09273784132082596
15.024981746557316,4.296269974195135,40.61030428769018,17.108851976397414,16.97229629072703,0.136555685670384
15.057859168322212,4.305635688224278,40.586699164345404,17.098907294418936,16.956789787346594,0.14211750707234216
15.090736590087106,4.315001171731785,40.49480609418283,17.06019335315096,16.941653129793025,0.11854022335793601
15.123614011852002,4.32436642422572,40.46755994358251,17.04871473052737,16.926897063195412,0.12181766733195687
15.156491433616898,4.333731445214218,40.497956403269754,17.061520557484773,16.912532497714324,0.14898805977044915
15.189368855381794,4.34309623420549,40.41770833333333,17.027712577613272,16.898570508542008,0.12914206907126413
15.22224627714669,4.352460790707818,40.40285326086956,17.02145423406379,16.88502233590225,0.13643189816153978
15.255123698911586,4.361825114229561,40.41700960219479,17.027418206816737,16.871899385050227,0.15551882176650977
15.288001120676482,4.371189204279153,40.45513698630137,17.043481020980984,16.859213226273084,0.18426779470789967
15.320878542441376,4.380553060365097,40.42385444743935,17.030301894741385,16.84697559488947,0.18332629985191318
15.353755964206272,4.389916681995976,40.48509015256588,17.05610009135814,16.835198391249122,0.22090170010901744
15.386633385971168,4.3992800686804445,40.5030487804878,17.063665942247578,16.823893680734272,0.23977226151330555
15.419510807736064,4.408643219927235,40.454945799457995,17.04340047523132,16.81307369375793,0.2303267814733907
15.45238822950096,4.418006135245153,40.423257372654156,17.030050351092598,16.80275082576526,0.22729952532733932
15.485265651265856,4.427368814143077,40.421265141318976,17.02921103723829,16.792937637232683,0.23627340000560793
15.51814307303075,4.436731256129965,40.35382513661202,17.00079901033879,16.78364685366836,0.21715215667042997
15.551020494795646,4.446093460714849,40.277702702702705,16.96872913357521,16.77489136561178,0.19383776796343
15.583897916560542,4.455455427406833,40.22781456953643,16.94771159379826,16.766684228634716,0.18102736516354412
15.616775338325438,4.464817155715105,40.15318302387268,16.916269818368917,16.759038663339595,0.15723115502932217
15.649652760090333,4.47417864514892,40.11686991869919,16.900971347891687,16.751968055361232,0.1490032925304554
15.68253018185523,4.483539895217613,40.12550881953867,16.904610859545045,16.745485955365893,0.15912490417915137
15.715407603620124,4.492900905430598,40.06298955613577,16.878271908335613,16.739606079050873,0.13866582928474003
15.74828502538502,4.502261675297359,40.16744652406417,16.922278936441828,16.734342307145425,0.1879366292964022
15.781162447149915,4.511622204327463,40.242105263157896,16.953732168282944,16.72970868541094,0.2240234828720027
15.814039868914811,4.520982492030548,40.22775564409031,16.947686768898446,16.725719424639436,0.22196734425901
15.846917290679707,4.530342537916333,40.25523560209424,16.959263893031185,16.72238890065509,0.23687499237609444
15.879794712444603,4.539702341494612,40.30137434554974,16.978701839779013,16.71973165431382,0.2589701854651949
15.912672134209497,4.549061902275255,40.448657718120806,17.040751348249863,16.717762391502447,0.322988956747416
15.945549555974393,4.5584212197682135,40.3859819121447,17.01434644669212,16.716495983140163,0.2978504635519563
15.97842697773929,4.567780293483513,40.48056300268097,17.054192833123693,16.715947465177322,0.33824536794637083
16.011304399504187,4.577139122931256,40.525252525252526,17.073020232720513,16.7161320385961,0.3568881941244122
16.04418182126908,4.586497707621625,40.61901681759379,17.112522507487377,16.71706506941007,0.39545743807730815
16.077059243033975,4.595856047064879,40.65492021276596,17.127648369857162,16.718762088664306,0.4088862811928564
16.109936664798873,4.605214140771355,40.486653645833336,17.056758780706772,16.721238792435855,0.3355199882709172
16.142814086563767,4.614571988251467,40.47359843546284,17.051258707125267,16.72451104183301,0.3267476652922561
16.175691508328665,4.623929589015714,40.45340616966581,17.042751839406616,16.728594862995976,0.31415697641064
16.20856893009356,4.633286942574662,40.530448717948715,17.075209354256028,16.73350644709606,0.34170290715996643
16.241446351858453,4.6426440484389655,40.507832898172325,17.065681459312465,16.739262150336714,0.3264193089757512
16.27432377362335,4.652000906119352,40.45357590966123,17.042823349741422,16.745878493952688,0.296944855788734
16.307201195388245,4.661357515126633,40.47905759162304,17.05355861342489,16.75337216421059,0.3001864492143014
16.340078617153143,4.670713874971693,40.3772095959596,17.010650728038108,16.76176001240802,0.2488907156300897
16.372956038918037,4.680069985165502,40.330551989730424,16.990994187843455,16.771059054874854,0.219935132968601
16.405833460682935,4.689425845219102,40.388746803069054,17.015511276909113,16.78128647297214,0.23422480393697143
16.43871088244783,4.698781454643622,40.44880653266332,17.040814042830082,16.792459613092717,0.24835442973736477
16.471588304212723,4.708136812950265,40.47639068564036,17.052435063614247,16.804595986661155,0.24783907695309182
16.50446572597762,4.717491919650319,40.4126582278481,17.02558500165127,16.817713270133055,0.20787173151821392
16.537343147742515,4.726846774255145,40.46067774936061,17.045815307726176,16.831829304996063,0.21398600273011326
16.570220569507413,4.736201376276193,40.442331670822945,17.038086226460873,16.846962097769648,0.19112412869122508
16.603097991272307,4.745555725224983,40.418227215980025,17.027931179432468,16.86312982000439,0.16480135942807905
16.6359754130372,4.754909820613124,40.44715189873418,17.040116956524884,16.880350808282486,0.15976614824239732
16.6688528348021,4.764263661952302,40.48112623762376,17.05443012027121,16.898643564218247,0.15578655605296277
16.701730256566993,4.7736172487542845,40.58858764186633,17.09970289747912,16.918026754456548,0.18167614302257107
16.73460767833189,4.782970580530919,40.55764411027569,17.08666659275555,16.93851921067528,0.14814738208026768
16.767485100096785,4.792323656794132,40.53109296482412,17.075480771193693,16.96013992958285,0.11534084161084124
16.800362521861683,4.801676477055937,40.66800742574257,17.13316192592447,16.982908072919656,0.15025385300481275
16.833239943626577,4.811029040828422,40.660122699386505,17.129840142981283,17.00684296745743,0.12299717552385303
16.86611736539147,4.820381347623761,40.60006234413965,17.10453711347703,17.03196410499973,0.07257300847729908
16.89899478715637,4.829733396954212,40.60864197530864,17.108151655211127,17.058291142382018,0.04986051282910964
16.931872208921263,4.839085188332104,40.7147315855181,17.15284650468699,17.085843901470582,0.06700260321640883
16.96474963068616,4.84843672126986,40.78186274509804,17.181128417181924,17.114642369163903,0.06648604801802094
16.997627052451055,4.857787995279979,40.78624078624079,17.182972856891787,17.144706697391854,0.038266159499933394
17.030504474215952,4.867139009875041,40.8915327564895,17.227331665940024,17.17605720311596,0.05127446282406467
17.063381895980847,4.8764897645677125,40.951219512195124,17.252477300434286,17.20871436832917,0.04376293210511761
17.09625931774574,4.885840258870739,40.944273399014776,17.249550948999634,17.242698840056477,0.00685210894315702
17.12913673951064,4.895190492296952,40.95673076923077,17.254799156487337,17.278031430353735,-0.023232273866398145
17.162014161275533,4.90454046435926,41.035758323057955,17.28809294101325,17.3147331163091,-0.02664017529584939
17.19489158304043,4.913890174570663,41.03753026634383,17.288839448972755,17.352825040041893,-0.06398559106913737
17.227769004805324,4.923239622444235,41.08536585365854,17.308992264789488,17.3923285087034,-0.08333624391391226
17.26064642657022,4.932588807493141,41.18397358943577,17.35053505016704,17.433264994476133,-0.08272994430909364
17.293523848335116,4.941937729230622,41.22566909975669,17.36810109225102,17.475656134574308,-0.10755504232328761
17.32640127010001,4.9512863871700095,41.24087591240876,17.37450762161002,17.519523731243595,-0.14501610963357336
17.35927869186491,4.960634780824714,41.305755395683455,17.401840917804712,17.56488975176177,-0.16304883395705616
17.392156113629802,4.96998290970823,41.314380264741274,17.405474517961476,17.611776328437884,-0.2063018104764076
17.4250335353947,4.979330773334141,41.28438995215311,17.392839798084424,17.66020575861208,-0.2673659605276555
17.457910957159594,4.988678371216107,41.3332345971564,17.41341772321596,17.710200504657365,-0.29678278144140435
17.49078837892449,4.998025702867877,41.57875457875458,17.516853663824865,17.76178319397667,-0.2449295301518042
17.523665800689386,5.007372767803284,41.566901408450704,17.51186000175468,17.81497661900613,-0.303116617251451
17.55654322245428,5.016719565536244,41.67307692307692,17.556591042191837,17.869803737212322,-0.31321269502048565
17.589420644219178,5.02606609558076,41.78848448687351,17.605211483741957,17.926287671094173,-0.3210761873522152
17.622298065984072,5.035412357450917,41.91977829638273,17.6605246952953,17.984451708181695,-0.3239270128863936
17.655175487748966,5.044758350660886,42.16535194174757,17.763983244093346,18.044319301036666,-0.28033605694331953
17.688052909513864,5.0541040747249255,42.22385057471264,17.788628330353497,18.105914067252314,-0.31728573689881756
17.72093033127876,5.063449529157377,42.418067226890756,17.87045051838556,18.169259789454202,-0.29880927106864164
17.753807753043656,5.072794713472667,42.46588235294118,17.890594714007296,18.23438041529812,-0.3437857012908232
17.78668517480855,5.082139627185306,42.56026252983293,17.930356456852365,18.3013000574729,-0.3709436006205351
17.819562596573448,5.0914842698098965,42.62222870478413,17.95646239556371,18.370042993698036,-0.4135805981343239
